"","Sample_1","Sample_2","Sample_3","Sample_4","Sample_5","Sample_6","Sample_7","Sample_8","Sample_9","Sample_10","Sample_11","Sample_12","Sample_13","Sample_14","Sample_15","Sample_16","Sample_17","Sample_18","Sample_19","Sample_20","Sample_21","Sample_22","Sample_23","Sample_24","Sample_25","Sample_26","Sample_27","Sample_28","Sample_29","Sample_30","Sample_31","Sample_32","Sample_33","Sample_34","Sample_35","Sample_36","Sample_37","Sample_38","Sample_39","Sample_40","Sample_41","Sample_42","Sample_43","Sample_44","Sample_45","Sample_46","Sample_47","Sample_48","Sample_49","Sample_50","Sample_51","Sample_52","Sample_53","Sample_54","Sample_55","Sample_56","Sample_57","Sample_58","Sample_59","Sample_60","Sample_61","Sample_62","Sample_63","Sample_64","Sample_65","Sample_66","Sample_67","Sample_68","Sample_69","Sample_70","Sample_71","Sample_72","Sample_73","Sample_74","Sample_75","Sample_76","Sample_77","Sample_78","Sample_79","Sample_80","Sample_81","Sample_82","Sample_83","Sample_84","Sample_85","Sample_86","Sample_87","Sample_88","Sample_89","Sample_90","Sample_91","Sample_92","Sample_93","Sample_94","Sample_95","Sample_96","Sample_97","Sample_98","Sample_99","Sample_100"
"Actinomyces",0,0,0,0,0,0,0,0,0,0,0,0,0,0,0,0,0,0,0,0,0,0,0,0,0,0,0,0,0,0,0,0,0,0,0,0,0,0,0,0,0,0,0,0,182,0,0,0,0,0,0,0,0,0,0,0,0,0,0,0,0,0,0,0,0,0,0,0,0,0,0,0,0,0,0,0,0,0,0,0,0,0,0,0,372,0,0,0,0,0,0,0,0,0,0,0,0,0,0,0
"Aeriscardovia",0,0,0,0,0,0,0,0,0,0,0,0,0,0,0,0,0,0,0,0,0,0,0,0,0,0,0,0,0,0,0,0,0,0,0,0,0,0,0,0,0,0,0,0,0,0,0,0,0,0,0,0,0,0,0,0,0,0,0,0,0,0,0,0,0,0,0,0,0,0,0,0,0,0,0,0,0,0,0,0,0,0,0,0,0,0,0,0,0,0,0,0,0,0,0,0,0,0,0,0
"Alloscardovia",0,0,0,0,0,0,0,0,0,0,0,0,0,0,0,0,0,0,0,0,0,0,0,387,0,0,0,0,0,0,0,0,0,0,0,0,0,0,0,0,0,0,0,0,0,0,0,0,0,0,0,0,0,0,0,0,0,0,0,0,0,0,0,0,0,0,0,0,0,0,0,0,0,0,0,0,0,0,0,0,0,0,0,0,0,0,0,0,0,0,0,0,0,0,0,0,0,0,0,0
"Bifidobacterium",35961,17344,17291,3168,5915,0,61,1724,15263,7891,0,8387,2392,0,4376,19195,0,3435,3212,326,20849,1929,1004,17708,19757,24756,6057,314,6884,6715,1284,2141,67068,0,0,0,72211,0,8183,0,5410,1154,16446,33814,0,0,3071,1728,0,3632,59759,2245,37596,903,12588,0,834,0,2987,0,39483,0,90371,0,294,0,7013,7610,0,1006,13955,0,3073,0,12544,47645,12866,1731,1637,22487,3863,0,22447,0,8350,25194,2176,1345,0,0,18292,329,23114,0,0,4805,8999,0,35173,5314
"Rothia",0,0,0,0,0,0,0,0,0,0,0,0,0,0,0,141,0,0,0,0,0,0,0,0,0,0,0,0,0,0,0,0,0,0,0,0,0,0,0,0,0,0,0,0,0,0,0,0,0,0,0,0,0,0,0,0,0,0,0,0,0,0,0,73,0,0,0,0,0,0,0,0,0,0,0,0,0,0,0,0,0,0,0,0,0,0,0,0,0,0,0,0,0,0,0,0,0,0,0,0
"Olsenella",0,0,0,0,0,0,0,0,0,0,0,0,0,0,0,0,0,0,0,0,0,0,0,0,0,0,0,0,0,0,0,0,0,0,0,0,0,0,0,0,0,0,0,0,0,0,0,0,0,0,91,0,0,0,0,0,0,0,0,0,0,0,532,0,8387,0,0,0,0,0,0,0,0,0,0,0,0,0,0,0,0,0,0,0,0,0,0,0,0,0,0,0,0,0,0,0,0,0,0,0
"Collinsella",2427,0,10505,3152,6998,5782,4166,4800,4048,6811,19426,1298,4584,0,5925,0,6763,0,3793,6379,0,17316,3791,11367,6107,23482,11860,3940,2922,12537,1389,0,25876,12022,6673,809,14581,4508,7901,1900,2923,4529,38282,18245,40716,0,21139,0,6109,2590,4386,9926,3224,3482,11636,0,0,0,2221,1884,24236,1120,8692,8315,13538,1246,0,7462,1282,5125,8469,9831,248,1354,4593,2120,7806,0,4726,16772,4106,51443,12779,9100,7796,2212,3578,0,0,3237,9057,11392,0,3348,0,3853,8212,3268,5388,0
"Enorma",0,424,0,0,0,0,0,0,0,0,0,0,0,0,0,0,0,0,0,0,0,0,0,0,0,0,0,0,0,0,0,0,0,0,0,0,0,0,0,0,0,0,0,0,0,1751,0,0,0,0,0,0,0,0,0,0,0,0,0,0,0,0,0,0,0,0,0,0,0,0,0,0,0,0,0,0,0,0,0,0,0,0,0,0,0,0,0,0,0,0,0,0,0,0,0,0,0,0,0,0
"Adlercreutzia",0,0,0,107,0,1761,0,0,0,380,0,0,0,82,0,0,0,1218,0,0,831,0,237,653,0,53,1408,0,135,0,0,0,641,81,417,0,5837,0,548,0,0,0,0,635,3249,0,0,0,924,0,0,530,0,259,328,0,548,966,1406,0,882,0,522,0,1189,0,0,358,0,0,0,80,675,79,407,0,0,0,0,0,0,1679,0,0,0,0,0,2010,953,166,0,1750,108,0,0,0,0,0,1730,0
"Asaccharobacter",367,0,0,0,0,6179,0,356,335,1391,0,0,0,1499,0,0,0,1726,0,305,1016,0,413,1913,79,0,1316,0,1201,0,0,0,691,77,548,0,3341,0,529,0,112,0,773,3165,7443,1043,342,0,304,359,0,890,0,1074,1102,138,1667,878,1549,0,28,0,440,0,2097,591,260,1581,129,0,137,110,0,78,1788,640,0,0,0,0,0,2028,0,80,0,0,0,6793,0,496,0,451,57,0,0,430,351,0,304,0
"Eggerthella",0,0,0,0,227,0,0,0,0,0,0,0,0,0,0,3577,0,320,0,0,2309,0,0,0,0,0,0,0,0,0,0,0,0,0,0,0,0,0,0,0,0,0,0,10257,15313,327,0,0,0,0,0,0,0,0,0,0,1408,0,0,0,0,0,0,0,0,0,0,967,0,0,0,0,0,0,0,0,0,0,0,9073,0,0,0,0,0,0,0,0,0,0,471,0,0,0,0,0,0,0,0,0
"Enterorhabdus",0,0,0,0,0,0,0,0,0,0,0,0,0,0,0,0,0,0,0,0,0,0,0,0,0,0,0,0,0,0,0,0,0,0,0,0,0,0,0,0,0,0,0,0,0,0,0,0,0,0,0,0,0,0,0,0,0,0,0,0,0,0,0,0,0,0,0,0,0,0,0,0,0,0,0,0,0,0,0,0,0,0,0,0,0,0,0,0,0,0,0,0,0,0,0,0,0,0,0,0
"Gordonibacter",0,0,0,0,155,189,0,0,0,0,0,0,0,0,0,175,0,0,0,0,4303,0,0,0,0,0,273,0,0,0,247,0,0,0,0,0,0,0,0,0,0,0,297,2211,16672,0,0,0,0,0,0,592,0,0,666,0,0,1757,0,0,0,0,0,0,0,0,0,0,0,0,0,0,0,0,0,0,0,0,0,455,0,0,0,0,0,0,0,0,0,0,0,609,0,0,0,0,0,0,0,0
"Slackia",0,0,0,2269,0,0,0,0,0,0,7357,0,0,0,0,0,0,0,0,0,0,1669,0,0,0,0,2051,0,2647,0,0,0,1169,0,2087,90,10297,0,0,0,0,0,0,0,0,0,0,0,0,0,0,0,0,0,0,0,0,0,0,0,0,0,0,0,0,0,0,0,0,0,0,2936,0,0,0,0,0,0,0,0,0,0,0,0,0,0,0,0,0,0,0,0,0,0,0,0,0,0,536,0
"Bacteroides",1966873,1498129,1291827,760882,1529340,552120,2664000,1475881,1190078,598234,625091,928660,1587142,1169033,1800439,3064421,376501,2216496,86459,2398918,1114522,873803,990375,1508155,1040487,369145,1735199,12659,510970,1688146,1734408,1135414,1725669,1053146,752321,44208,706491,44169,926659,1050542,917200,20180,2783197,1739987,1741925,1186522,1864253,222452,1556721,1532198,283230,1374642,457770,1490602,1903069,2508384,593603,2194836,668935,410390,854975,768054,688045,1051288,638778,1070266,190125,2898309,875156,555975,2441901,843514,1257821,722363,2556725,888004,996320,0,1691389,1860548,54902,769978,995224,1397096,1649348,404373,434598,1249470,2550787,1208896,2356062,2027732,1134751,3574076,1151449,329360,1403329,621767,159462,3022008
"Barnesiella",0,87966,18493,29727,0,0,89069,37542,0,64502,37095,39814,80530,61666,0,0,17136,109171,2959,0,77814,108553,2715,29240,49359,14379,0,11067,74360,16270,46402,77576,0,19413,16407,0,80980,14166,0,14072,145700,0,0,0,87347,66711,3363,83290,66191,14838,22462,11458,4781,0,0,50698,0,86749,35312,11908,84701,37127,28365,55456,97380,74775,46546,100928,59876,0,0,30408,43991,15886,48484,0,18603,0,53066,0,4917,120796,0,26708,107545,2382,32670,0,0,0,0,154680,29812,0,0,10768,59163,8861,0,0
"Coprobacter",0,17792,3861,0,0,67347,14284,15664,0,3822,2381,657,0,613,32586,0,0,0,187,0,822,3568,492,0,0,0,15780,295,0,2497,0,0,0,0,0,0,370,0,15656,15733,2502,0,0,0,0,20548,0,0,0,16402,0,4245,0,0,0,11015,0,0,1464,388,0,1960,63,0,0,3032,0,0,1085,0,2104,813,0,0,0,8423,5482,0,3642,0,0,0,5156,0,0,0,947,0,0,3668,1222,0,0,0,0,0,0,1367,2551,0
"Muribaculaceae_unclassified",0,0,0,0,0,0,0,0,0,0,0,0,0,0,0,0,0,0,0,0,0,0,0,0,0,0,0,0,0,0,0,0,0,0,0,0,0,0,0,0,0,0,0,0,0,0,0,0,0,0,0,0,0,0,0,0,0,0,0,0,0,0,0,0,0,0,0,0,0,0,0,0,0,0,0,0,0,0,0,0,0,0,0,0,0,0,0,0,0,0,0,0,0,0,0,0,0,0,0,0
"Muribaculum",0,0,0,0,0,0,0,0,0,0,0,0,0,0,0,0,0,0,0,0,0,0,0,0,0,0,0,0,0,0,0,0,0,0,0,0,0,0,0,0,0,0,0,0,0,0,0,0,0,0,0,0,0,0,0,0,0,0,0,0,0,0,0,0,0,0,0,0,0,0,0,0,0,0,0,0,0,0,0,0,0,0,0,0,0,0,0,0,0,0,0,0,0,0,0,0,0,0,0,0
"Butyricimonas",0,920,13987,8724,0,0,0,0,211,4173,5737,0,0,0,0,0,4642,3144,809,0,6348,13415,0,13220,0,0,0,0,6665,678,0,0,4989,0,7900,5653,2402,0,0,1896,124,0,0,2550,0,486,10886,5536,10493,205,525,0,45,0,0,0,9371,0,316,3962,1179,895,0,0,0,12162,0,0,2345,3596,0,7588,0,0,804,4081,1855,0,5878,0,0,0,0,253,3082,0,45,0,0,0,523,0,6913,0,0,1573,0,4447,0,0
"Odoribacter",22212,45135,22775,19333,6249,30635,56804,48971,5564,20240,29486,32108,22094,0,22152,0,12774,18646,10611,16778,9074,18942,19035,0,8493,12881,6724,4947,55585,7586,30983,49667,29363,32227,21842,5307,2594,15974,24441,24372,16417,46,0,0,0,30387,14675,8423,14246,23401,21747,27068,0,28064,19453,0,20072,28457,11708,10655,54351,15594,12908,18713,0,34622,24670,3590,26737,22171,16473,23701,19363,13598,16894,5469,14174,0,32944,12022,6913,21923,0,24582,30020,13680,50890,0,0,31581,482,18207,3311,0,22355,17437,30867,5376,4448,36957
"Porphyromonas",0,0,0,0,0,0,0,0,0,0,0,0,0,0,0,0,0,0,0,0,0,0,0,0,0,0,0,0,0,0,0,0,0,0,0,0,0,0,0,0,0,0,0,0,0,0,0,0,0,0,0,0,0,0,0,0,0,0,0,0,0,0,0,0,0,0,0,0,0,0,0,0,0,0,0,0,0,0,0,0,0,0,0,0,0,0,0,0,0,0,0,0,0,0,0,0,0,0,0,0
"Sanguibacteroides",0,0,0,0,0,0,0,0,0,0,763,0,0,0,0,0,0,0,0,0,0,0,0,0,0,0,0,0,0,0,0,0,0,0,0,0,65,0,0,0,0,0,0,0,0,0,0,0,0,0,0,0,0,0,0,0,0,0,0,0,0,0,0,0,0,0,0,0,0,0,0,0,0,0,0,0,0,0,0,0,292,0,0,0,0,0,0,0,0,0,0,0,0,0,0,0,0,0,0,0
"Paraprevotella",0,0,0,29050,0,0,0,0,0,0,3863,0,0,0,0,0,0,0,5384,0,6800,0,20064,0,0,14643,0,0,0,0,9125,0,37696,8829,4383,0,39723,10267,0,0,0,1285,0,0,0,0,23332,0,0,0,4237,0,0,0,0,0,0,0,0,0,0,8244,0,0,0,0,0,0,0,0,0,5712,18081,0,0,18124,27975,0,21760,0,0,20467,0,0,0,0,256,0,0,12385,21609,0,0,0,0,0,0,492,0,0
"Prevotella",0,0,0,485732,0,0,0,0,0,0,30247,308539,0,0,0,0,2573710,0,1034309,0,0,0,497491,0,0,0,0,946382,0,0,15809,0,0,0,108105,1117086,0,192580,0,0,0,1473150,0,0,0,0,252279,2166,0,0,264358,0,172596,3128,0,0,0,0,1478508,1140312,0,0,0,422747,0,1360481,0,0,0,0,0,0,0,0,0,0,0,0,0,0,152316,73213,2791,0,0,1100297,0,5006,0,0,0,0,0,0,1115947,1103246,0,245126,510249,0
"Alistipes",203567,339109,190276,159047,2645,857862,341976,6559,69718,225799,69230,109984,69036,2145,234391,397984,66729,465083,4427,141041,625925,270579,22255,197300,88434,119747,214168,37453,325108,88422,9858,145894,197636,168248,95313,4417,234550,0,333009,160739,173026,1527,0,50,165887,360604,5750,101249,370736,186047,72792,141978,58241,169139,238999,73498,404852,109848,103647,28616,158749,241417,48464,254765,10604,147588,72961,132483,101921,205128,94805,282702,146422,72326,2839,109682,71336,0,6364,25815,17351,164837,136433,182477,226631,44013,189318,126647,1254,101111,10087,8619,50286,0,9810,24711,129780,21811,88485,111799
"Rikenella",0,0,0,0,0,0,0,0,0,0,0,0,0,0,0,0,0,0,0,0,0,0,0,0,0,0,0,0,0,0,0,0,0,0,0,0,0,0,0,0,0,0,0,0,0,0,0,0,0,0,0,0,0,0,0,0,0,0,0,0,0,0,0,0,0,0,0,0,0,0,0,0,0,0,0,0,0,0,0,0,0,0,0,0,0,0,0,0,0,0,0,0,0,0,0,0,0,0,0,0
"Parabacteroides",69815,71159,50874,66388,174799,430561,107719,104946,29282,313842,98525,63079,25175,92891,145687,257701,29491,141882,13155,206656,48252,34448,229697,64517,87892,40759,118198,6046,148356,76763,32355,0,175474,55715,133507,1325,42875,26755,85043,80547,54840,0,14727,78409,77690,152400,50575,26640,331192,44182,46135,107290,54812,71585,9921,134462,96873,153406,64738,21586,135497,33543,12377,122380,7062,62188,73994,96395,83515,119609,54420,93573,225620,27079,78761,40296,91051,2277461,566704,39582,14180,261106,90888,130680,54703,81804,32955,125267,0,62861,124808,96023,165283,194747,198009,26592,85039,27637,25488,105662
"Candidatus_Gastranaerophilales_unclassified",0,0,0,0,0,0,0,0,0,0,0,0,0,0,0,0,0,0,0,0,0,0,1941,0,0,0,0,0,0,0,0,0,0,0,0,0,0,0,0,0,0,0,0,0,0,1561,0,0,0,0,0,737,0,0,0,0,0,0,0,0,0,0,0,0,0,0,0,0,1067,0,0,0,0,0,0,0,0,0,0,0,0,0,0,0,0,0,0,0,0,0,0,0,0,0,0,0,0,0,0,0
"Bacillus",0,0,0,0,0,0,0,0,0,0,0,0,0,0,0,0,0,0,0,0,0,0,0,0,0,0,0,0,0,0,0,0,0,0,0,0,0,0,0,0,0,0,0,0,0,0,0,0,0,0,0,0,0,0,0,0,0,0,0,0,0,0,0,0,0,0,0,0,0,0,0,0,0,0,0,0,0,0,0,0,0,0,0,0,0,0,0,0,0,0,0,0,0,0,0,0,0,0,0,0
"Gemella",0,0,0,0,0,0,0,0,0,0,0,0,0,0,0,168,0,0,0,0,0,0,0,0,0,0,0,0,0,0,0,0,0,0,0,0,0,0,0,0,0,0,0,0,0,0,0,0,0,0,0,0,0,0,0,0,0,0,0,0,0,0,0,0,0,0,0,0,0,0,0,0,0,0,0,0,0,0,0,0,0,0,0,0,0,0,0,0,0,0,0,0,0,0,0,0,0,0,0,0
"Listeria",0,0,0,0,0,0,0,0,0,0,0,0,0,0,0,0,0,0,0,0,0,0,0,0,0,0,0,0,0,0,0,0,0,0,0,0,0,0,0,0,0,0,0,0,0,0,0,0,0,0,0,0,0,0,0,0,0,0,0,0,0,0,0,0,0,0,0,0,0,0,0,0,0,0,0,0,0,0,0,0,0,0,0,0,0,0,0,0,0,0,0,0,0,0,0,0,0,0,0,0
"Staphylococcus",0,0,0,0,0,0,0,0,0,0,0,0,0,0,0,0,0,0,0,0,0,0,0,0,0,0,0,0,0,0,0,0,0,0,0,0,0,0,0,0,0,0,0,0,0,0,0,0,0,0,0,0,0,0,0,0,0,0,0,0,0,0,0,0,0,0,0,0,0,0,0,0,0,0,0,0,0,0,0,0,0,0,0,0,0,0,0,0,0,0,0,0,0,0,0,0,0,0,0,0
"Enterococcus",0,0,0,0,0,0,0,0,0,0,0,0,0,0,0,0,0,0,0,0,0,0,0,0,0,0,0,0,0,0,0,0,0,0,0,0,0,1853,0,0,0,0,0,0,0,0,0,0,0,0,0,0,0,0,0,0,0,0,0,0,0,0,0,0,0,0,0,0,0,0,0,3626,0,0,0,0,0,0,0,0,0,0,195,0,0,0,0,0,0,0,0,0,0,0,0,0,0,0,0,0
"Lactobacillus",0,0,0,0,0,0,0,0,132,0,0,0,0,804,0,0,0,0,4034,107,0,0,0,0,0,2086,104,0,266,223,0,0,0,0,0,0,2464,0,5215,0,0,0,0,0,0,0,0,0,0,0,0,0,0,0,750,0,0,0,0,0,0,0,707,0,0,337,0,342,0,0,99,0,0,0,0,0,0,0,0,2904,0,0,0,0,259,0,0,0,0,0,0,788,0,0,0,0,3214,0,0,234
"Pediococcus",0,0,0,0,0,0,0,0,0,0,0,0,0,0,0,0,0,0,0,0,0,0,0,0,0,0,0,0,0,0,0,0,0,0,0,0,0,0,0,0,0,0,0,0,0,0,0,0,0,0,0,0,0,0,0,0,0,0,0,0,0,0,0,0,0,0,0,0,0,0,0,0,0,0,0,0,0,0,0,0,0,0,0,0,0,0,0,0,0,0,0,0,0,0,0,0,0,0,0,0
"Lactococcus",0,0,0,0,0,0,0,0,0,0,0,0,0,0,0,0,0,0,0,0,0,0,0,0,0,0,0,0,0,0,0,0,0,0,620,0,0,0,0,0,0,0,0,0,0,0,518,0,0,0,0,0,0,0,0,0,0,0,0,0,0,0,0,0,0,0,0,0,0,0,0,0,0,0,0,0,0,0,0,0,0,0,0,0,0,0,0,0,0,0,0,0,0,0,0,0,0,0,0,0
"Streptococcus",0,0,0,467,0,0,409,0,0,0,1076,0,0,0,0,774,0,293,0,0,3663,157,0,12000,1146,1351,0,0,0,2779,418,1050,0,0,0,0,237,3228,701,0,0,1425,382,6207,725,0,2442,0,0,401,0,830,228,0,880,0,12819,0,0,0,0,0,0,25710,3271,0,0,0,0,0,0,0,21087,3999,0,368,225,0,0,231,0,4091,0,0,140950,0,832,0,0,808,0,0,6469,0,0,0,0,0,0,0
"Christensenella",0,0,0,0,0,0,0,0,0,0,0,0,0,0,0,0,0,0,0,0,0,0,0,0,0,0,0,0,0,0,0,0,0,0,0,0,0,0,0,0,0,0,0,0,0,0,0,0,0,0,0,0,0,0,0,0,0,0,0,0,0,0,0,0,0,0,0,0,0,0,0,0,0,0,0,0,0,0,0,0,0,0,0,0,0,0,0,0,0,0,0,0,0,0,0,0,0,0,0,0
"Butyricicoccus",0,0,0,0,0,0,0,0,0,0,0,0,0,0,0,0,0,0,0,0,0,0,0,0,0,0,0,0,0,0,0,0,0,0,0,0,0,0,0,0,0,0,0,0,0,0,0,0,0,0,0,0,0,0,0,0,0,0,0,0,0,0,0,0,0,0,0,0,0,0,0,0,0,0,0,0,0,0,0,0,0,0,0,0,0,0,0,0,0,0,0,0,0,0,0,0,0,0,0,0
"Clostridium",30741,31792,2372,2568,28719,2443,6179,18495,4810,7869,92728,0,13963,6151,8819,0,1482,24358,810,19179,6232,4333,17790,13811,25619,55558,1192,1009,8105,39668,1601,1144,0,15638,3028,7475,2600,4319,25473,5522,4698,0,2684,499,46636,2591,3674,38575,2513,9463,27527,910,3629,14362,12964,3987,0,1989,2655,5802,0,2435,5394,3646,7942,6124,3668,8279,10267,5715,2555,779,3644,3244,0,0,1517,0,24988,34357,2792,1796,0,37416,70327,4579,4302,4180,7392,16677,1295,7608,10000,16403,870,0,10470,2789,2855,24210
"Hungatella",0,0,0,0,0,0,0,0,0,0,0,0,0,0,0,0,0,0,0,0,0,0,0,0,0,0,0,0,0,0,0,0,0,0,0,0,0,0,0,0,0,0,591,0,3893,324,0,0,0,0,0,0,0,0,0,0,2343,0,0,0,0,0,0,0,0,0,0,0,0,0,0,0,0,0,0,0,0,0,0,0,0,0,0,0,0,0,0,0,0,0,0,0,0,2852,0,0,0,0,0,0
"Clostridiales_unclassified",0,0,0,0,0,0,0,0,0,0,24163,1637,0,0,0,0,0,0,0,0,20637,0,0,0,0,0,0,0,0,0,0,0,0,0,0,0,0,0,0,0,0,0,0,0,0,0,0,0,0,0,0,0,0,0,0,0,0,0,0,13708,0,635,0,0,0,0,0,0,0,4715,0,0,0,0,0,0,0,0,0,0,0,0,0,0,0,1045,635,0,0,22574,0,0,0,0,0,0,0,0,0,0
"Intestinimonas",0,0,134,846,0,1456,0,790,0,0,0,0,0,0,0,0,0,0,0,0,21995,0,0,0,0,0,0,0,5336,0,0,0,2214,0,327,0,0,0,0,8613,0,0,0,0,833,1909,0,0,0,1233,0,0,0,0,0,249,4555,2054,0,0,375,0,0,0,0,0,0,0,0,0,0,0,2348,0,0,0,0,41849,0,0,0,0,0,0,0,197,0,0,129,0,0,1913,0,133,0,0,0,0,0,0
"Lawsonibacter",0,4054,2446,0,5074,6134,1921,0,0,2830,445,0,4916,0,4988,6603,0,38749,0,6996,0,382,1391,7057,0,741,1553,0,0,3174,229,0,0,545,979,0,1254,525,4392,0,3855,0,0,2192,14223,6897,391,2763,1066,7071,0,155,0,917,47867,10741,2022,5399,0,0,0,0,609,613,2401,0,4629,7936,7930,1972,8039,6219,3570,0,2220,0,1519,0,151,0,2321,2922,812,384,0,0,0,2441,546,0,1362,2758,2988,552,0,0,0,0,1119,9341
"Monoglobus",0,0,0,0,0,11397,0,0,0,8490,0,0,8809,1054,0,0,0,4687,0,8775,0,0,0,0,18871,0,2838,0,0,0,0,5284,0,8999,0,0,3792,0,0,0,1411,0,0,0,13561,0,0,0,0,241,0,0,0,809,18077,1097,1653,0,0,0,0,0,0,0,0,0,0,0,1337,0,0,0,0,0,0,0,0,9336,0,0,0,0,0,3211,0,0,0,9562,1564,0,0,6651,1023,0,0,0,0,0,0,583
"Eubacterium",40968,18378,28940,38202,82261,144432,5523,40670,14008,297474,5210,32329,17172,13095,185909,46592,5987,40603,106645,6281,30027,10136,36302,33975,15534,71468,24124,9746,14834,33004,37687,238347,60479,19706,71238,37096,30997,23101,56176,6553,10107,56814,11151,61475,66761,9766,237745,8353,33184,24004,21337,55428,37040,153811,111093,30817,40379,11620,15554,8359,1323,12263,104490,41011,161948,4999,36201,16132,32553,841,29841,17425,16110,6295,15061,4844,19351,25596,15863,31822,18608,53374,84862,25713,30163,6394,5291,29588,17019,34990,8476,24216,3196,13239,9341,33590,161403,50061,182,40391
"Anaerostipes",8753,0,4691,3717,23705,15677,4631,5160,862,6115,1387,445,41192,8146,5635,27806,600,9747,475,2302,17696,4123,1270,1703,3006,12179,4455,8163,4842,14334,1199,2345,3149,2141,1199,141,6331,448,955,2548,5159,0,25066,117334,28175,0,496,6293,2118,8529,2269,9642,1664,4341,11645,11036,318,22003,532,542,0,308,6730,52513,906,1738,6763,14362,211,1837,15306,0,3275,5248,15890,1414,437,27656,6307,20187,2483,19589,1719,601,15615,8869,5863,6060,9385,4126,2881,4746,0,9472,15266,1171,5558,4970,0,18777
"Anaerotignum",0,0,0,0,4536,18710,0,0,0,0,0,0,161,0,0,4532,0,680,0,0,0,0,0,0,0,0,0,0,0,0,0,0,0,0,0,0,0,0,0,0,0,0,0,0,77177,1765,0,0,0,0,0,0,0,0,0,0,0,0,0,0,0,0,0,358,0,425,0,0,0,0,0,237,0,0,0,0,0,0,6063,0,0,0,0,0,0,0,0,0,0,0,0,709,0,0,2884,0,0,0,0,0
"Blautia",1642,11573,12003,271,15397,7272,23797,8666,1974,17119,11275,5348,12917,11074,6873,71617,3029,12467,4426,6311,8112,11187,26244,6900,16477,6239,29783,5413,25272,21902,5862,6615,12723,31986,5437,2123,4943,11019,4112,15569,13557,12401,31140,26189,93678,36147,12133,3316,10054,8276,2144,26250,9449,10431,5931,13371,2478,27637,4832,1686,0,0,29226,26750,7038,11741,8636,13733,2372,1891,30703,14279,3196,10272,39476,3288,16036,36671,11549,53466,34865,30105,19016,10344,22707,31221,10080,17143,14034,3980,14431,5910,9001,32872,8257,2876,8690,18038,5371,28484
"Butyrivibrio",0,0,0,0,0,0,0,0,0,0,227510,0,0,0,0,0,0,0,9926,0,0,0,0,0,0,0,0,0,0,0,43645,0,0,0,0,0,26858,54326,0,0,69192,0,0,0,0,0,0,0,0,0,34603,1107,0,828,0,0,3953,0,0,130648,0,6049,0,0,0,0,179663,0,162601,0,0,0,0,0,0,13691,0,0,0,0,157024,0,0,0,0,0,51523,0,0,0,0,0,0,0,0,72571,3289,0,0,0
"Coprococcus",1277,2516,53267,2725,1470,719,11867,8993,1120,48220,12787,314,74,23928,3696,0,61243,0,15294,9230,8984,3156,3622,40791,69732,12859,25944,4216,2002,4337,2102,8241,1298,5079,1511,57750,7448,1824,39238,3092,4047,287,1230,17672,11176,1105,9630,4910,2162,5423,2779,8737,2392,28896,2694,1558,0,7937,35920,1718,615,3750,81397,4875,45188,683,12451,3517,48341,537,2163,6137,4683,173,0,29154,100892,0,3417,6882,9772,4567,10625,7439,79787,25108,7448,17224,1800,8455,1356,3818,210,2688,225,18234,25293,369,2134,3642
"Dorea",8631,987,12163,2257,5955,783,7798,9153,2658,19116,4852,3000,2056,2372,4282,0,3268,8826,3141,13927,4458,5953,12164,9245,2479,8463,12291,1537,8157,9381,1275,5063,10508,7198,5936,841,15421,8387,4558,1129,4500,1693,20057,1407,57434,1647,7223,33492,1953,2154,2663,11813,2383,8102,8984,1868,8143,16185,3431,801,0,0,5219,4391,11896,1601,4932,4976,774,1053,1981,7514,2807,1742,0,990,11640,12788,7170,20527,18411,22516,16763,14788,11688,5706,2455,1575,4182,300,3806,2690,3226,0,528,3982,8461,19947,5949,863
"Eisenbergiella",0,0,0,0,0,0,0,0,0,0,137,0,0,0,0,0,0,0,0,0,2046,0,0,0,0,1206,0,0,0,0,0,0,0,0,0,0,0,0,0,0,0,0,0,0,26296,1937,0,0,0,0,0,0,0,0,0,0,0,0,0,0,8072,0,0,0,0,0,0,0,0,0,0,0,0,0,709,0,0,4457,0,0,0,0,0,0,0,0,0,0,0,0,0,0,0,0,0,0,0,0,0,0
"Fusicatenibacter",14048,7948,15591,6272,22796,23640,22294,38989,14838,41580,12719,14354,8207,16859,15004,62057,2318,53802,920,10610,28896,13463,30115,22745,39143,29237,99813,0,9545,11904,6271,35505,37089,32207,10210,0,9764,6083,18626,36661,22389,3449,296,45848,99208,2819,6787,16275,6497,20814,10503,24140,16475,16102,7493,5313,4056,54042,4808,7261,0,2459,19234,14317,21700,5257,1367,18710,2990,792,23099,29713,29618,2227,12009,2906,26642,0,18982,96003,52259,73913,29269,29389,28530,25076,6851,20660,13264,7719,19281,9283,7329,6670,3484,6663,13373,5594,1091,15540
"Lachnoclostridium",0,0,0,0,2809,0,0,229,0,0,544,0,0,0,0,24055,0,0,0,2099,0,0,0,0,0,0,0,0,0,0,0,0,0,0,0,0,0,0,0,0,0,0,20193,0,6447,2828,0,0,0,0,0,0,0,0,0,0,333,1448,0,0,1524,0,0,0,1088,0,0,0,0,0,0,0,0,0,5693,0,0,37755,0,0,0,0,0,0,0,0,0,3840,0,0,0,0,0,27097,0,0,0,0,0,0
"Lachnospiraceae_unclassified",42581,0,60885,64972,103185,83381,808,37338,20186,15744,2458,37592,98719,22854,30641,33998,27777,1094,9844,0,2414,3010,11770,82373,50407,75779,11688,0,4862,10729,3388,140825,133051,121454,44555,4240,26546,4220,0,134525,21237,2755,2447,0,0,0,17738,1286,23782,15260,22327,1128,8276,2750,91808,12502,24875,34931,2236,69362,0,7072,7317,60186,13289,53949,0,9287,476,1436,12822,105531,164706,8889,0,769,79570,0,44083,52755,26649,6393,2075,0,167141,0,6436,1022,48509,0,5063,6068,79744,107552,0,2841,76875,0,25038,67389
"Lachnospira",0,19239,0,0,0,52880,14388,0,13697,17203,33798,21767,37922,51261,29002,0,36997,17135,0,6559,34185,19277,0,22919,67773,35459,29826,0,9119,32087,55168,0,0,0,104703,9542,52584,0,47706,0,16507,0,0,116865,0,0,0,3095,14981,0,2023,0,0,32486,30416,0,5516,59828,49078,0,0,0,88609,0,0,13156,0,97014,19265,0,182769,41432,23521,7690,0,32328,27204,0,0,152301,0,9594,446,0,54651,0,17131,0,0,0,0,20362,1157,33344,0,30530,0,0,0,81893
"Murimonas",0,0,0,0,0,0,0,0,0,0,0,0,0,0,0,0,0,0,0,0,0,0,0,0,0,0,0,0,0,0,0,0,0,0,0,0,0,0,0,0,0,0,0,0,0,0,0,0,0,0,0,0,0,0,0,0,0,0,0,0,0,0,0,0,0,0,0,0,0,0,0,0,0,0,0,0,0,0,0,0,0,0,0,0,0,0,0,0,0,0,0,0,0,0,0,0,0,0,0,0
"Roseburia",499648,106785,81136,104209,292640,24670,95344,137899,131268,144927,0,110516,117931,32076,299334,159839,61582,239126,178948,11030,17283,394478,178036,119422,150750,69852,87821,41474,43954,72277,126805,146556,312023,31062,107316,177394,38539,39521,80204,85106,196096,63492,29322,321551,453432,128245,110619,26891,91648,176332,21813,13612,98834,277263,324136,134464,17328,141409,52652,47032,1281,9699,31314,45658,57181,119682,384093,116498,51132,5287,247875,170916,239043,155004,100174,76380,172744,36121,44494,213286,2711,29062,23030,94237,59868,26575,40544,78215,93201,92795,43596,16022,53271,88707,155263,121201,164583,59946,13981,91044
"Sellimonas",0,0,0,0,0,0,0,0,0,0,0,0,0,0,0,0,0,0,0,0,0,0,0,0,0,0,0,0,0,0,0,0,0,0,0,0,0,0,0,0,0,0,0,0,2417,0,0,0,0,0,0,0,0,0,0,0,0,0,0,0,0,0,0,0,0,0,0,0,0,0,0,0,0,0,0,0,0,0,0,0,0,0,0,0,0,0,0,0,0,0,0,0,0,0,0,0,0,0,0,0
"Tyzzerella",0,0,0,0,0,0,0,0,0,0,0,0,0,0,0,0,0,0,0,0,0,0,0,0,0,0,0,0,0,0,0,0,0,0,0,0,0,0,0,0,0,0,0,0,0,0,0,0,0,0,0,0,0,0,0,0,0,0,0,0,0,0,0,0,0,0,0,0,0,0,0,0,0,0,0,0,0,0,0,0,0,0,0,0,0,0,0,0,0,0,0,0,0,0,0,0,0,0,0,0
"Oscillibacter",7896,32480,6256,9170,736,5726,0,35295,18434,34140,5443,32164,6995,16480,13168,0,6036,7644,11285,1571,13630,38049,19593,8517,23515,46268,17196,9290,5020,5044,43845,31196,0,12595,16901,33318,24245,12381,43860,0,15293,5412,0,4979,0,3342,30388,6706,15720,18861,27230,6986,13582,25454,0,0,0,18133,4585,22684,8318,4991,41615,417,21169,2736,42440,20324,18916,21407,3151,0,49462,28843,0,7198,5121,0,684,3822,1316,20625,28307,45821,32753,2967,3532,20054,8659,14331,1269,24599,4989,0,0,14846,9383,3936,11707,17
"Clostridioides",0,0,0,0,0,0,0,0,0,0,0,0,0,0,0,0,0,0,0,0,0,0,0,0,0,0,0,0,0,0,0,0,0,0,0,0,0,0,0,0,0,0,0,0,0,0,0,0,0,0,0,0,0,0,0,0,0,0,0,0,0,0,0,0,0,0,0,0,0,0,0,0,0,0,0,0,0,0,0,0,0,0,0,0,0,0,0,0,0,0,0,0,0,0,0,0,0,0,0,0
"Intestinibacter",0,0,0,0,0,0,2049,0,0,0,0,0,0,0,0,0,9043,0,4045,0,0,0,0,0,0,0,0,0,0,0,0,0,1692,0,0,0,0,0,0,0,0,0,0,280,0,0,0,1177,0,0,0,4869,0,0,6529,0,0,0,0,0,0,0,0,0,0,0,0,0,0,0,0,0,0,0,0,0,1103,871,0,714,0,0,0,0,6040,0,0,0,0,0,678,0,0,1023,0,0,380,0,0,0
"Paeniclostridium",0,0,0,0,0,0,0,0,0,0,0,0,0,0,0,0,0,0,0,0,0,0,0,0,0,0,0,0,0,0,0,0,0,0,0,0,0,0,0,0,0,0,0,0,0,0,0,0,0,0,0,0,0,0,0,0,0,0,0,0,0,0,0,0,0,0,0,0,0,0,0,0,0,0,0,0,0,0,0,0,0,0,0,0,0,0,0,0,0,0,0,0,0,0,0,0,0,0,0,0
"Romboutsia",0,0,0,0,0,0,0,0,0,0,0,0,0,0,0,0,0,0,0,0,0,0,0,0,0,0,0,0,0,0,0,0,0,0,0,0,0,0,0,0,0,0,0,0,58,0,0,0,0,0,0,0,0,0,0,0,0,0,0,0,0,0,0,0,0,0,0,0,0,0,0,0,0,0,0,0,0,0,0,0,0,0,0,0,0,0,0,0,0,0,0,0,0,0,0,0,0,0,0,0
"Agathobaculum",3363,4322,3963,3280,649,2645,26011,1382,8951,3834,0,2424,2947,8783,663,0,1624,3979,309,279,0,562,4051,759,3196,21117,1652,160,1125,2087,4440,0,4201,21999,4932,3697,4080,1443,7567,0,13130,178,3253,6869,0,2280,8815,2501,1962,6694,4064,932,96,622,18466,2606,3783,1671,13637,1104,0,571,653,122,3739,1350,1209,2733,280,306,0,4225,2012,2349,1757,0,7629,0,1618,0,660,3212,2093,2076,10851,326,10003,2864,339,0,987,10330,1809,853,0,6387,3148,0,247,1995
"Anaerofilum",0,0,0,0,0,0,0,0,0,0,0,0,0,0,0,0,0,0,0,0,0,0,0,0,0,0,0,0,0,0,0,0,0,0,0,0,0,0,0,0,0,0,0,0,183,0,0,0,0,0,0,0,0,0,0,0,0,0,0,0,0,0,0,0,0,0,0,0,0,0,0,0,0,0,0,0,0,0,0,0,0,0,0,0,0,0,0,0,0,0,0,0,0,0,0,0,0,0,0,0
"Anaeromassilibacillus",0,0,0,0,0,0,0,0,0,0,0,0,0,0,0,0,0,0,0,0,0,0,0,79,0,546,0,0,0,0,0,0,319,0,0,0,0,0,0,0,0,0,0,0,4771,0,0,0,202,0,0,0,0,0,0,0,474,0,482,0,0,0,237,43,582,0,0,0,0,0,0,0,0,0,0,0,0,0,0,0,2065,3121,0,0,0,0,1435,0,0,0,0,0,0,0,0,0,0,0,0,0
"Anaerotruncus",0,0,0,0,0,0,0,1227,0,0,0,0,0,0,0,0,0,0,0,22111,1128,0,0,0,54340,0,0,0,779,0,0,0,522,0,0,0,0,0,0,0,29903,0,0,0,8222,2683,0,0,0,281,0,0,0,0,0,0,1810,34496,0,0,0,0,0,0,0,0,0,541,0,0,0,0,0,0,0,0,0,24432,0,0,1524,0,0,0,3365,0,0,551,10060,0,1532,2907,41951,0,0,0,0,0,0,0
"Faecalibacterium",559737,81029,128990,103314,279116,137429,43603,168085,137845,248628,46931,253584,146817,84681,329370,277587,95925,179993,87273,165658,113316,151012,56240,217576,162941,236016,107851,39918,160904,266256,128749,66379,145839,163169,129709,34641,218832,222494,255778,382641,149223,88361,0,365453,126049,54573,91507,203016,259699,404787,66517,121910,164088,162759,290746,127185,177761,100571,268198,149504,38609,38267,255771,164276,118016,105864,212043,104280,172783,159300,289164,74764,406243,56706,292145,89500,222453,0,343899,88069,40782,39442,27322,93646,241380,61764,74723,197697,198828,266288,240372,257912,543303,40083,277169,191913,228000,110434,171383,149308
"Flavonifractor",933,5142,926,0,10905,3653,7574,3096,0,2203,0,43,45,0,5926,54751,0,10569,180,10648,6794,749,2596,0,47,0,5453,0,531,1795,0,793,14696,3211,1387,0,924,0,0,3845,0,0,3169,3838,12722,30861,2549,0,3456,2117,0,0,0,17372,5996,6353,4376,10729,2332,0,0,0,0,0,168,1709,0,15424,0,0,12130,2176,14269,0,19686,0,0,132401,0,1576,0,1259,819,0,91,0,0,6477,5338,0,14726,1500,0,33130,12124,0,1228,570,0,5852
"Gemmiger",3012,1156,2114,1050,0,481,553,3994,514,11290,386,641,667,1137,5564,0,4662,239,435,152,6394,156,0,3412,974,2296,2129,0,0,10486,2529,13404,2682,4689,733,0,2842,802,8865,4049,3218,584,0,12675,0,0,2053,247,624,777,2887,10588,2791,1399,528,0,0,4135,2078,0,0,832,465,1939,8093,0,243,1991,707,511,3024,3405,1966,0,0,2221,1087,0,1714,1687,379,0,965,3674,2092,1774,2998,94,1835,539,0,154,813,0,1304,511,6033,0,504,1883
"Harryflintia",0,0,0,0,0,0,0,0,0,0,0,0,0,0,0,0,0,0,0,0,0,0,0,0,0,0,0,0,0,0,0,0,0,0,0,0,0,0,0,0,0,0,0,0,0,0,0,0,0,0,0,0,0,0,0,0,1052,0,0,0,0,0,0,0,0,0,0,0,0,0,0,0,0,0,0,0,0,0,0,0,0,0,96,0,0,0,0,0,0,0,0,0,0,0,0,0,0,0,0,0
"Pseudoflavonifractor",0,0,0,0,0,0,0,0,0,0,0,0,0,0,0,0,0,0,0,0,0,0,0,0,0,0,0,0,0,0,0,0,0,0,0,0,0,0,0,0,0,0,0,0,0,0,0,0,0,0,0,0,0,0,0,0,0,0,0,0,0,0,0,0,0,0,0,0,0,0,0,0,0,0,0,0,0,16571,0,0,0,0,0,0,0,0,0,0,0,0,0,0,0,0,0,0,0,0,0,0
"Ruminococcaceae_unclassified",0,745,42220,635776,0,3064,0,81331,0,91155,426,0,112690,0,0,5694,8166,0,0,0,0,358,61000,160298,0,4211,2255,10408,22859,10169,380,214433,205,14483,160766,0,0,0,1488,1324,0,0,0,4100,6770,473,102434,18965,3340,0,15132,91789,0,0,11519,0,10764,0,1091,39587,2893,0,9076,380262,9158,84144,0,8278,12438,60286,1115,20072,67555,0,267,164431,1551,0,259,0,476,1492,0,0,99546,343,57608,7050,0,0,0,289,3894,0,0,62160,0,88310,1675,0
"Ruminococcus",77988,29064,19641,15580,23374,140198,37680,20778,28245,36289,14086,6349,1406,74720,22476,0,11366,5040,10143,20151,5220,78074,42721,0,103318,15769,85856,3679,22360,30935,11779,114788,187621,3766,31352,0,202832,28309,83527,24639,115497,7175,2072,50453,0,0,29523,14542,20624,32224,2999,7023,0,19857,111068,22257,34029,244564,13338,27544,41535,42883,19883,29141,257590,29563,5272,15931,26495,15418,34209,34603,0,50281,0,16264,41845,27730,124822,12598,52601,44049,31905,65349,5091,94642,936,192485,18072,64410,0,58405,33083,2992,0,47664,116193,3709,485,4415
"Ruthenibacterium",7157,4162,2381,874,2924,2062,5188,3007,0,1574,33345,1747,3472,4095,1452,12930,0,9624,2907,9346,13836,1246,2093,1313,721,124,3993,856,8243,3659,2776,5342,5043,4231,621,0,3374,0,0,1533,1941,0,0,1705,129001,10755,4780,199,1064,1088,85,7370,0,5709,8729,11026,2326,9876,1175,0,23030,0,1702,5437,351,6400,0,10899,1601,1052,0,3973,80,0,3063,0,0,135977,2511,0,326,28673,10243,1828,7218,723,6168,3133,4829,0,1086,5357,40,2924,4901,0,1682,2047,0,5203
"Absiella",0,0,0,0,0,0,0,0,0,0,0,0,0,0,0,0,0,0,0,0,0,0,0,0,0,0,0,0,0,0,0,0,0,9687,0,0,0,0,0,0,0,0,0,0,0,0,0,0,0,0,0,0,0,0,0,0,0,0,0,0,0,0,0,0,0,0,0,0,0,0,0,0,0,0,0,0,0,0,0,0,0,0,0,0,0,0,0,0,0,0,0,0,0,0,0,0,0,0,0,0
"Candidatus_Stoquefichus",0,0,0,0,0,0,0,0,0,0,0,0,0,0,0,0,0,0,0,0,0,0,0,0,0,0,0,0,0,0,0,0,0,0,0,0,0,0,0,0,0,0,0,0,0,0,0,0,0,0,0,0,0,0,0,0,0,0,0,0,0,0,0,0,0,0,0,0,0,0,0,0,0,0,0,0,0,107,0,0,0,0,0,0,0,0,0,0,0,0,0,0,0,0,0,0,0,0,0,0
"Catenibacterium",0,0,0,0,0,0,0,0,0,0,0,0,0,0,0,0,0,0,0,0,0,643,0,0,0,0,0,1286,0,0,0,0,5732,0,1523,0,0,0,0,0,0,14153,0,0,0,0,0,0,0,0,0,0,0,0,0,0,0,0,0,0,0,0,0,0,0,0,0,0,0,0,0,0,0,0,0,0,0,0,0,0,20097,0,0,0,0,0,0,0,0,0,0,0,0,0,0,1273,0,0,2320,0
"Coprobacillus",0,0,0,0,0,0,0,0,0,0,0,0,0,0,0,0,0,0,0,0,0,0,0,0,0,1409,0,0,0,0,0,0,0,0,0,0,0,0,0,0,0,0,0,0,521,0,0,0,0,0,0,0,0,0,0,0,0,0,0,0,0,0,0,0,0,0,0,0,0,0,0,2926,0,0,0,0,0,0,0,0,0,0,0,0,0,0,0,0,0,0,0,0,0,0,0,0,0,0,0,0
"Dielma",0,0,0,0,0,0,0,0,0,0,0,0,0,0,0,0,0,0,0,0,0,0,0,0,0,0,0,0,213,0,0,0,0,0,0,0,0,0,0,0,0,0,0,0,0,881,0,0,0,0,0,0,0,0,0,0,0,0,0,0,0,0,0,0,0,0,0,0,0,0,0,0,0,0,912,0,0,0,0,0,0,0,0,0,0,0,0,0,0,0,0,0,0,0,0,0,0,0,0,0
"Erysipelatoclostridium",0,0,0,0,1438,0,0,0,0,0,0,0,0,0,0,3237,0,0,0,0,0,0,0,0,0,0,0,0,0,1107,0,0,0,4307,0,0,0,0,0,0,0,0,0,0,18627,2715,0,0,0,0,0,0,0,0,0,0,0,0,0,0,966,0,0,0,0,0,0,0,0,0,0,277,0,0,0,0,0,1269,0,0,0,0,0,0,0,0,0,0,42,0,0,0,0,0,0,0,0,0,0,0
"Faecalicoccus",0,0,0,0,0,0,0,0,0,0,0,0,0,0,0,0,0,0,0,0,0,0,0,0,0,0,0,0,0,1229,0,0,0,0,0,0,0,0,0,0,0,0,0,0,0,0,0,0,0,0,0,0,0,0,0,0,0,0,0,0,0,0,0,0,0,0,0,0,0,0,0,0,0,0,0,0,0,0,0,0,0,0,0,0,0,0,0,0,0,0,0,0,0,0,0,0,0,0,0,0
"Faecalitalea",0,0,0,0,0,0,0,0,0,0,0,0,0,0,0,0,0,0,0,0,0,0,0,2719,0,0,0,0,0,0,0,0,0,113,0,0,0,0,0,0,0,0,0,0,0,0,0,0,0,0,0,0,0,0,0,0,0,0,0,0,0,0,0,0,0,0,0,0,0,0,0,0,0,0,0,0,0,0,0,0,164,0,0,0,0,0,230,0,0,0,0,0,0,0,0,0,0,0,0,0
"Holdemanella",0,0,0,0,0,0,0,0,0,0,0,0,0,626,0,0,0,0,0,0,0,41163,0,0,0,0,0,0,0,0,0,0,0,0,0,0,0,0,0,0,0,565,0,0,0,20610,0,0,0,0,0,0,0,0,0,0,0,0,6137,0,0,0,0,0,0,0,0,0,0,0,0,0,0,0,0,0,12767,0,3782,0,0,0,0,899,0,0,0,0,0,0,0,0,0,0,0,0,6026,0,0,0
"Holdemania",0,2533,0,0,2427,0,0,0,0,0,0,0,71,144,1082,9062,0,0,0,0,0,0,0,0,0,0,679,0,0,0,0,0,0,1433,0,0,0,2409,0,0,0,0,0,1534,0,0,0,285,0,0,0,0,0,0,0,0,0,0,0,0,0,0,0,0,2230,475,0,1546,0,0,0,0,0,0,944,0,0,0,0,0,0,0,0,0,0,0,0,0,709,0,0,542,0,0,0,0,0,0,0,350
"Massiliomicrobiota",0,0,0,0,0,0,0,0,0,0,0,0,0,0,0,94,0,0,0,0,0,0,0,0,0,0,0,0,0,0,0,0,0,0,0,0,0,0,0,0,0,0,0,0,0,0,0,0,0,0,0,0,0,0,0,0,0,0,0,0,0,0,0,0,0,0,0,0,0,0,0,0,0,0,0,0,0,0,0,0,0,0,0,0,0,0,0,0,0,0,0,0,0,0,0,0,0,0,0,0
"Solobacterium",0,0,0,0,0,0,0,0,0,0,0,0,0,0,0,0,0,0,0,0,0,0,0,0,0,0,0,0,0,0,0,0,0,0,0,0,0,0,0,0,0,0,0,0,0,0,0,0,0,0,0,0,0,0,0,0,0,0,0,0,0,0,0,0,0,0,0,0,0,0,0,0,0,0,0,0,0,0,0,0,0,0,0,0,0,0,0,0,0,0,0,0,0,0,0,0,0,0,0,0
"Turicibacter",0,0,0,0,3249,0,0,0,0,0,0,0,0,0,0,0,93,0,0,0,0,0,0,0,0,0,0,0,0,0,0,0,0,0,0,0,0,0,0,0,233,0,0,0,0,0,0,0,0,0,0,0,0,0,0,0,0,0,0,0,0,0,0,0,0,0,0,0,0,0,0,0,0,0,0,0,0,0,0,0,0,0,0,197,0,0,0,0,0,0,0,0,0,0,0,0,0,0,0,0
"Firmicutes_unclassified",2416,750,2052,1314,0,17010,3770,1593,1617,16467,59524,503,0,3442,8295,0,2646,14340,8225,19198,22992,2969,580,25227,775,27654,5470,6113,3959,9217,1585,1009,0,13167,28530,470,21421,26995,3596,1063,157712,1216,0,1796,122490,0,1152,41606,6457,5978,48297,5458,3343,3946,44324,3516,46201,14624,0,834,58076,9696,2465,28183,1007,0,16340,656,9389,11872,0,2974,1367,4735,2297,3386,4166,1777,2168,286,19473,7417,29889,4061,66,23476,30610,5671,2343,3409,0,14273,2033,1134,0,7926,484,3912,38580,442
"Acidaminococcus",0,0,0,0,3999,0,0,587,0,0,0,0,0,0,0,0,0,0,0,0,0,0,0,0,0,0,11862,0,0,0,0,0,0,0,0,0,1406,0,0,0,0,0,0,0,0,0,0,0,0,0,0,0,0,0,9009,0,0,0,0,0,0,0,0,0,0,0,0,0,0,0,0,30008,0,0,0,0,7297,0,136,0,0,0,5822,0,0,0,0,0,0,0,20452,0,0,0,0,0,0,0,0,0
"Phascolarctobacterium",0,2933,2517,6380,0,0,0,0,10125,12334,0,307,6078,72,17877,0,73,10078,0,3924,8374,1342,6738,0,0,16548,0,2606,4943,40269,1105,3010,0,11524,0,26073,4998,0,9565,18080,8620,31643,7328,0,18827,0,9833,0,0,0,0,575,12707,0,1284,7237,0,0,2162,8906,0,770,11144,11220,0,0,0,5109,1392,0,8494,12710,5131,4951,8552,0,0,0,5245,9992,33,19899,0,17105,148,0,2022,0,7195,0,465,12837,7437,0,36648,11716,0,4779,0,0
"Megamonas",0,0,0,0,0,0,0,0,0,0,0,0,0,0,0,0,0,0,0,0,0,0,0,0,0,0,0,0,0,0,0,0,0,0,0,0,0,0,0,0,0,0,0,0,0,0,0,0,0,0,0,0,0,0,0,0,0,0,0,0,0,0,0,0,0,0,0,0,0,0,0,0,0,0,0,0,0,0,0,0,0,0,0,0,0,0,0,0,0,0,0,0,0,0,0,0,0,0,0,0
"Mitsuokella",0,0,0,0,0,0,0,0,0,0,0,0,0,0,0,0,0,0,0,0,0,0,0,0,0,0,0,0,0,0,0,0,0,0,0,183,0,0,0,0,0,0,0,0,0,0,0,0,0,0,0,0,0,0,0,0,0,0,0,0,0,0,0,0,0,0,0,0,0,0,0,0,0,0,0,0,0,0,0,0,0,0,0,0,0,0,0,0,0,0,0,0,0,0,0,0,0,0,361,0
"Allisonella",0,0,0,0,0,0,0,0,0,0,0,0,0,0,0,0,0,0,0,0,0,0,0,0,0,0,0,0,0,0,0,0,0,0,0,0,0,0,0,0,0,0,0,0,0,0,0,0,0,0,0,0,0,0,0,0,0,0,0,0,0,0,0,0,0,0,0,0,0,0,0,0,0,0,0,0,0,0,0,0,0,0,0,0,0,0,0,0,0,0,0,0,0,0,0,0,0,0,0,0
"Dialister",0,0,51,0,0,5272,0,2883,0,0,0,337,0,0,0,1573,4534,0,0,0,0,0,0,1154,3755,0,65202,20552,0,0,1636,0,612,0,0,0,0,0,0,0,0,0,0,199,0,0,0,629,0,2183,75122,0,0,1197,0,0,8207,11397,0,0,18794,0,0,0,32831,0,258,0,0,0,444,0,0,0,0,265,0,6828,0,0,0,0,587,0,150,0,0,893,0,3165,6709,0,0,52,0,6018,8642,0,0,303
"Megasphaera",0,0,0,0,0,0,0,0,0,0,0,0,0,0,0,0,0,0,0,0,0,0,0,0,0,0,0,0,0,0,0,0,0,0,0,0,0,0,0,0,0,0,0,0,0,0,0,0,0,0,0,0,0,0,0,0,0,0,0,0,0,0,0,0,0,0,0,0,0,0,0,0,0,0,0,0,0,0,0,0,0,0,0,0,0,0,0,0,0,0,0,0,0,0,0,0,0,0,0,0
"Veillonella",0,638,0,0,3058,0,0,0,326,183,0,0,0,0,0,0,0,0,0,0,0,0,0,0,0,0,0,0,0,1174,230,639,0,0,0,0,0,0,0,0,0,0,0,0,0,0,0,0,0,0,0,0,0,1679,81,0,0,0,0,0,0,0,0,0,0,0,0,0,0,0,0,0,2869,0,0,0,0,1188,0,0,0,0,0,0,13545,0,0,0,0,0,6362,0,878,0,0,470,3983,0,0,1184
"Fusobacterium",0,0,0,0,0,7496,0,0,0,0,0,0,0,0,0,0,0,0,0,0,0,0,0,0,0,0,0,0,0,0,0,0,0,0,0,0,0,0,0,0,0,0,0,0,0,0,0,0,0,0,0,0,0,0,0,0,0,0,0,0,0,0,0,0,0,0,0,0,6492,0,0,0,0,7251,0,0,0,0,0,0,0,0,0,0,0,0,0,0,0,0,0,0,0,0,0,0,0,0,0,0
"Leptotrichia",0,0,0,0,0,0,0,0,0,0,0,0,0,0,0,0,0,0,0,0,0,0,0,0,0,0,0,0,0,0,0,0,0,0,0,0,0,0,0,0,0,0,0,0,0,0,0,0,0,0,0,0,0,0,0,0,0,0,0,0,0,0,0,0,0,0,0,0,0,0,0,0,0,0,0,0,0,0,0,0,0,0,0,0,85,0,0,0,0,0,0,0,0,0,0,0,0,0,0,0
"Sneathia",0,0,0,0,0,0,0,0,0,0,0,0,0,0,0,0,0,0,0,0,0,0,0,0,0,0,0,0,0,0,0,0,0,0,0,0,0,0,0,0,0,0,0,0,0,0,0,0,0,0,0,0,0,0,0,0,0,0,0,0,0,0,0,0,0,0,0,0,0,0,0,0,0,0,0,0,0,0,0,0,0,0,0,0,0,0,0,0,0,0,0,0,0,0,0,0,0,0,0,0
"Victivallis",0,0,0,0,0,0,0,0,0,0,0,0,0,0,0,0,0,0,0,0,0,0,0,0,0,0,0,0,4126,1289,0,0,0,1608,0,0,0,663,0,0,67,0,0,0,0,0,0,0,0,0,1987,0,0,0,0,0,0,0,0,7399,9740,0,1931,0,0,0,0,0,0,1639,0,0,0,0,0,0,0,0,0,0,2380,0,0,0,0,0,0,0,0,0,0,0,0,0,0,0,0,0,0,0
"Comamonas",0,0,0,0,0,0,0,0,0,0,0,0,0,0,0,0,0,0,0,0,0,0,0,0,0,0,0,0,0,0,0,0,0,1085,0,0,0,0,0,0,0,0,0,0,0,0,0,0,0,0,0,0,0,0,0,0,0,0,0,0,0,0,0,0,0,0,0,0,0,0,0,0,0,0,0,0,0,0,0,0,0,0,0,0,0,0,0,0,0,0,0,0,0,0,0,0,0,0,0,0
"Oxalobacter",0,0,0,0,0,0,0,0,0,0,0,0,0,0,0,0,0,0,0,0,0,0,0,0,0,0,0,0,676,0,0,0,1239,0,0,0,0,0,0,0,0,0,0,0,0,0,0,0,0,0,0,0,0,0,0,0,0,0,0,0,4131,0,0,0,0,0,0,0,0,0,0,1006,0,0,0,0,0,0,0,0,0,0,0,0,0,0,0,0,0,0,0,0,0,0,0,0,0,0,0,0
"Parasutterella",2058,0,3362,4765,57396,39210,3410,2774,0,1032,3525,10162,0,0,34043,70908,0,19919,0,19914,39,546,0,6324,9743,0,0,0,543,0,2323,16794,0,4581,0,0,114,0,2609,6647,11802,0,23544,0,0,13543,0,1299,0,625,0,118,0,12908,0,10504,0,20934,23528,0,3217,0,2342,116,7553,37144,16592,0,869,9410,886,1129,0,8627,0,0,0,0,0,45393,0,0,684,11639,6034,0,274,0,37993,0,0,0,24388,0,0,0,6449,390,0,41903
"Sutterella",0,0,0,0,0,0,0,0,0,0,0,0,0,0,0,0,0,0,111,0,0,0,0,0,0,0,0,108,0,0,0,0,0,0,0,0,0,0,0,0,0,0,0,0,0,0,234,0,0,0,0,111,0,0,0,0,0,0,0,0,0,0,0,0,0,0,0,0,116,0,0,0,0,0,0,0,0,0,222,0,0,0,0,0,0,0,0,0,0,0,0,0,0,0,0,0,0,0,0,0
"Turicimonas",0,18288,2084,381,0,0,0,245,0,0,0,659,0,0,380,2325,0,2658,0,0,0,0,0,122,0,0,0,0,0,0,0,943,0,0,0,0,0,0,0,0,775,0,1667,0,0,593,0,0,0,0,0,0,0,0,0,491,0,1306,586,0,0,0,0,0,0,2614,1901,0,0,0,0,0,0,661,0,0,0,0,0,0,0,0,0,0,250,0,0,0,0,0,10096,0,0,0,0,0,961,0,0,0
"Bilophila",144,3638,1248,645,1569,9494,0,0,2456,0,0,0,1413,1429,1561,0,0,1492,0,925,4537,1642,0,720,0,0,0,0,4559,0,554,0,354,412,3097,0,0,0,1262,5700,0,0,17068,0,0,11839,5066,0,3520,0,0,0,0,7512,2455,0,2553,0,1551,0,1383,2071,0,489,337,14531,0,0,0,1621,1121,0,4907,422,1592,505,0,0,0,0,0,2738,419,4195,3442,211,0,2883,0,362,0,0,1888,0,0,2394,0,4286,0,3348
"Desulfovibrionaceae_unclassified",0,0,0,0,0,0,0,0,0,0,0,0,0,0,0,0,0,0,0,0,0,0,0,0,0,0,0,0,0,0,0,0,0,0,0,0,0,0,0,0,0,0,0,0,0,0,0,0,0,0,0,0,0,0,0,0,0,0,0,0,0,0,0,0,0,0,0,0,0,0,0,10323,0,0,0,0,0,0,0,0,0,0,0,0,0,0,0,0,0,0,0,0,0,0,0,0,5029,0,0,0
"Desulfovibrio",0,0,20636,0,0,0,0,0,0,0,0,0,0,0,0,0,0,0,0,0,0,0,0,0,0,16302,0,0,0,0,0,0,0,0,0,2661,0,0,0,0,0,3659,148381,0,0,0,20364,0,18967,0,0,0,0,0,0,0,0,0,0,0,1848,7967,0,0,1074,0,0,0,22195,0,0,0,0,0,0,0,0,0,0,0,8838,0,0,0,0,0,0,0,0,0,0,0,5754,0,0,0,6735,0,0,0
"Campylobacter",0,0,0,0,0,0,0,0,0,0,0,0,0,0,0,0,0,0,0,0,0,0,0,0,0,0,0,0,0,0,0,0,0,0,0,0,0,0,0,0,0,0,0,0,0,0,0,0,0,0,0,0,0,0,0,0,0,0,0,0,0,0,0,0,0,0,0,0,0,0,0,0,0,0,0,0,0,0,0,0,0,0,0,0,948,0,0,0,0,0,0,0,0,0,0,0,0,0,0,0
"Helicobacter",0,0,0,0,0,0,0,0,0,0,0,0,0,0,0,0,0,0,0,0,0,0,0,0,0,0,0,0,0,0,0,0,0,0,0,0,0,0,0,0,0,0,0,0,0,0,0,0,0,0,0,0,0,0,0,0,0,0,0,0,0,0,0,0,0,0,0,0,0,0,0,0,0,0,0,0,0,0,0,0,0,0,0,0,0,0,0,0,0,0,0,0,0,0,0,0,0,0,0,0
"Anaerobiospirillum",0,0,0,0,0,0,0,0,0,0,0,0,0,0,0,0,0,0,0,0,0,0,0,0,0,0,0,0,0,0,0,0,0,0,0,0,0,0,0,0,0,0,0,0,0,0,0,0,0,0,0,0,0,0,0,0,0,0,0,0,0,0,0,0,0,0,0,0,0,0,0,0,0,0,0,0,0,0,0,0,0,0,0,0,0,0,0,0,0,0,0,0,0,0,0,0,0,0,0,0
"Citrobacter",0,0,0,5423,0,0,0,0,0,0,0,0,0,0,0,0,0,0,0,0,0,0,0,2641,0,0,0,0,0,0,0,0,0,0,0,0,0,0,0,0,0,0,0,0,0,0,0,0,0,0,0,0,0,0,0,0,0,0,0,0,0,0,0,0,0,0,0,0,0,0,0,0,0,0,0,0,0,0,0,0,0,0,0,0,0,0,0,0,0,0,0,0,0,0,0,0,0,0,0,0
"Cronobacter",0,0,0,0,0,0,0,0,0,0,0,0,0,0,0,0,0,0,0,0,0,0,0,0,0,0,0,0,0,0,0,0,0,0,0,0,0,0,0,0,0,0,0,0,0,0,0,0,0,0,0,0,0,0,0,0,0,0,0,0,0,0,0,0,0,0,0,0,0,0,0,0,0,0,0,0,0,0,0,0,0,0,0,0,0,0,0,0,0,0,0,0,0,0,0,0,0,0,0,0
"Enterobacter",0,0,0,0,0,0,0,0,6447,0,0,0,0,0,0,0,0,0,0,0,0,0,0,0,0,0,0,0,0,0,0,0,0,0,0,0,0,0,0,0,0,9452,0,0,0,0,0,0,0,0,0,0,0,0,0,0,0,0,0,0,0,0,0,0,0,0,0,0,0,0,0,0,0,0,0,0,0,0,0,0,0,0,0,0,0,0,0,0,0,0,0,0,0,0,0,0,0,0,0,0
"Escherichia",0,0,314,0,0,0,0,470986,0,0,965,0,0,0,0,0,0,0,0,0,0,0,0,0,0,0,0,0,18794,6798,0,866143,0,0,967,0,0,334752,326,0,0,0,459442,0,0,84924,7530,0,0,0,0,0,0,0,0,0,216776,45925,1533,0,0,476878,3700,0,2816,0,0,0,0,0,0,274652,12482,0,0,0,0,373021,0,0,0,6971,546013,0,0,0,28402,0,1943,0,69679,0,3197,0,0,71355,0,11032,0,0
"Klebsiella",0,0,0,0,0,0,0,0,0,0,0,0,0,0,0,0,0,0,0,0,0,0,267384,0,0,0,0,0,0,0,0,0,0,0,0,0,0,0,0,0,0,0,16000,32221,0,0,0,0,0,0,0,0,0,0,0,0,142884,0,0,0,0,0,0,0,0,0,0,0,0,0,0,1503834,0,0,0,0,0,0,0,0,0,0,899,0,0,9234,0,0,0,0,5629,0,0,0,0,0,0,0,0,0
"Raoultella",0,0,0,0,0,0,0,0,0,0,0,0,0,0,0,0,0,0,0,0,0,0,0,0,0,0,0,0,0,0,0,0,0,0,0,0,0,0,0,0,0,0,0,0,0,0,0,0,0,0,0,0,0,0,0,0,0,0,0,0,0,0,0,0,0,0,0,0,0,0,0,0,0,0,0,0,0,0,0,0,0,0,0,0,0,0,0,0,0,0,0,0,0,0,0,0,0,0,0,0
"Salmonella",0,0,0,0,0,0,0,0,0,0,0,0,0,0,0,0,0,0,0,0,0,0,0,0,0,0,0,0,0,0,0,0,0,0,0,0,0,0,0,0,0,0,0,0,0,0,0,0,0,0,0,0,0,0,0,0,0,0,0,0,0,0,0,0,0,0,0,0,0,0,0,0,0,0,0,0,0,0,0,0,0,0,0,0,0,0,0,0,0,0,0,0,0,0,0,0,0,0,0,0
"Hafnia",0,0,0,0,0,0,0,0,3496,0,0,0,0,0,0,0,0,0,0,0,0,0,0,0,0,0,0,0,0,0,0,0,0,0,0,0,0,0,0,0,0,0,0,0,0,0,0,0,0,0,0,0,0,0,0,0,0,0,0,0,0,0,0,0,0,0,0,0,0,0,0,0,0,0,0,0,0,0,0,0,0,0,0,0,0,0,0,0,0,0,0,0,0,0,0,0,0,0,0,0
"Morganella",0,0,0,0,0,0,0,0,0,0,0,0,0,0,0,0,0,0,0,0,0,0,0,0,0,0,0,0,0,0,0,0,0,0,0,0,0,0,0,0,0,0,0,0,0,0,0,0,0,0,0,0,0,0,0,0,0,0,0,0,0,0,0,0,0,0,0,0,0,0,0,0,0,0,0,0,0,0,0,0,0,0,0,0,0,0,0,0,0,0,0,0,0,0,0,0,0,0,0,0
"Yersinia",0,0,0,0,0,0,0,0,0,0,0,0,0,0,0,0,0,0,0,0,0,0,0,0,0,0,0,0,0,0,0,0,0,0,0,0,0,0,0,0,0,0,0,0,0,0,0,0,0,0,0,0,0,0,0,0,0,0,0,0,0,0,0,0,0,0,0,0,0,0,0,0,0,0,0,0,0,0,0,0,0,0,0,0,0,0,0,0,0,0,0,0,0,0,0,0,0,0,0,0
"Haemophilus",0,1292,0,0,0,0,0,0,1552,0,0,701,0,0,0,0,833,0,0,0,0,0,0,0,0,0,0,0,0,3623,254,0,0,0,0,0,0,0,0,0,0,7689,0,0,0,0,0,0,0,0,0,0,1294,0,0,0,0,0,0,0,0,0,0,0,0,0,0,0,0,0,0,0,1050,0,0,0,1544,0,0,1273,0,0,0,0,22505,0,0,0,0,0,0,0,0,0,0,0,5666,0,0,0
"Pseudomonas",0,0,0,0,0,0,0,0,0,0,2291,0,0,0,0,0,0,0,0,0,0,0,0,0,0,0,0,0,0,0,0,0,0,0,0,0,0,0,0,0,0,0,0,0,0,0,0,0,0,0,0,0,0,0,0,0,0,0,0,0,0,0,0,0,0,0,0,0,0,0,0,0,0,0,0,0,0,0,0,0,0,0,0,0,0,0,0,0,0,0,0,0,0,0,0,0,0,0,0,0
"Proteobacteria_unclassified",0,0,4551,0,948,1171,22225,8994,0,0,0,1942,0,0,1298,18382,0,717,0,494,0,0,2682,7016,1116,0,0,0,0,0,0,329,0,3485,0,0,0,0,0,26407,14575,0,891,0,0,21950,0,0,0,0,0,0,0,2091,0,10993,0,798,858,0,0,0,0,4721,0,14111,2786,0,0,0,0,0,0,323,0,0,0,0,0,2729,0,0,0,178,0,0,0,0,1464,0,0,0,227,0,0,0,8639,10099,0,1092
"Brachyspira",0,0,0,0,0,0,0,0,0,0,0,0,0,0,0,0,0,0,0,0,0,0,0,0,0,0,0,0,0,0,0,0,0,0,0,0,0,0,0,0,0,0,0,0,0,0,0,0,0,0,0,0,0,0,0,0,0,0,0,0,0,0,0,0,0,0,0,0,0,0,0,0,0,0,0,0,0,0,0,0,0,0,0,0,0,0,0,0,0,0,0,0,0,0,0,0,0,0,0,0
"Treponema",0,0,0,0,0,0,0,0,0,0,0,0,0,0,0,0,0,0,0,0,0,0,0,0,0,0,0,0,0,0,0,0,0,0,0,0,0,0,0,0,0,0,0,0,0,0,0,0,0,0,0,0,0,0,0,0,0,0,0,0,0,0,0,0,0,0,0,0,0,0,0,0,0,0,0,0,0,0,0,0,0,0,0,0,0,5095,0,0,0,0,0,0,0,0,0,0,0,0,0,0
"Cloacibacillus",0,0,0,0,0,0,0,0,0,0,0,0,0,0,0,0,0,0,0,0,0,0,0,0,0,135,0,0,0,0,0,0,0,0,0,0,0,0,0,0,0,0,0,0,0,0,0,0,0,0,0,0,0,0,0,0,0,0,0,0,1533,0,0,0,0,0,0,0,0,0,0,0,0,0,0,0,0,0,0,0,0,3745,0,0,0,0,1837,0,0,0,0,0,0,0,0,0,0,0,0,0
"Akkermansia",0,23568,20081,114530,0,52322,0,943,67532,5971,46766,0,0,84499,279,288,6013,41974,4023,0,0,53463,24000,0,78041,187303,22565,0,54827,0,0,0,5076,0,73854,0,0,0,80967,0,42271,0,0,2063,0,76549,0,53484,3575,0,0,4177,0,59214,1273,0,54880,0,0,13883,0,7102,24943,25644,20510,0,30618,0,0,44741,0,0,9256,18693,0,0,1213,0,4936,0,26944,41550,8530,45214,0,2289,68500,52391,0,18673,0,82623,10408,0,14008,20359,0,0,76338,0
