"","V1","V2","V3","V4","V5","V6","V7","V8","V9","V10","V11","V12","V13","V14","V15","V16","V17","V18","V19","V20"
"Sample_1",110.769019344487,45.1672327830599,14.0240206712067,29.1052899794026,45.1125267563039,24.1113063215263,92.8745961157017,71.7147093898819,165.523502792866,161.5538154944,40.7803692549169,104.050306659145,21.0582880636216,15.041203383809,68.4964129341309,36.0311436342378,153.031173757111,27.4946994388857,33.0352298915932,132.025153333714
"Sample_2",102.765669673994,40.1399943190877,154.325854701647,17.374071499051,12.0899778618528,179.70229161011,47.6401314201942,345.923368190432,56.9502462864425,132.772460386075,51.9195298903242,83.0152062206622,81.9578234937617,13.1202829027883,14.1724826316601,6.34656207585213,304.062427766595,27.433078203594,17.0973729674329,8.19116789844362
"Sample_3",91.5083035465992,38.449145615772,37.3653958996,114.189127942472,3.66600161537331,20.8507458234953,55.9302501197235,124.653543120849,116.753575105611,57.2931356028288,33.7206096253679,33.6922919978726,79.9129876554825,65.3227191515078,22.5718621362034,126.011788630364,13.5233564068248,16.7951957922761,44.9782359931008,39.8117282186763
"Sample_4",308.048372559873,56.2617454241112,23.0091686047876,14.362418061981,137.983625352855,26.7216621771879,49.6364536003156,23.7478883286204,88.2581712232636,56.0156222717008,76.462459337802,47.6276361191476,213.73333898181,80.1451357672525,70.2402720701332,46.4716994545354,97.3228268099985,37.311243760012,70.0430564345945,278.597203660019
"Sample_5",60.770115046745,26.9577597178536,118.71709811431,12.2522520064262,146.691549244192,47.2885493657263,20.9659615791221,17.9318353353059,32.8762929919281,9.08203996874518,213.15329327058,27.1073886604674,45.6998671726385,199.199345835203,49.1194338621212,55.1818207609003,71.0196434444693,96.3137922471247,19.8845879730695,37.7873734030718
"Sample_6",25.7607444170549,75.1081846231353,77.5171270100443,14.5339383554019,15.5479023131886,34.6016892808283,18.5313051244314,230.564520389827,18.2012735585559,11.7994350220908,126.332224456463,17.9772712333354,22.810708702471,59.8379658849454,121.360664613893,55.1388020896576,84.2917388021081,89.7192291216705,18.4681771121592,220.897097888738
"Sample_7",42.8686468140908,33.7853410626729,79.6668407660701,83.1923646372364,31.1394478316198,394.183657350753,316.166895753818,19.0805101457167,32.4071637404468,55.961962128867,91.5782514198724,83.1014914104077,7.82644373658688,41.2357205905668,28.3569224690354,34.0381610772504,259.061898564522,70.1228066830429,82.2340968941456,60.991376923279
"Sample_8",114.229341479783,121.083261000064,250.074116071393,27.3078064503389,177.033123367648,62.1180585052995,22.1277031078052,58.127829556845,51.3576561681142,38.4925451505564,70.899754838649,53.4799422421464,148.56786294643,82.3764455176336,11.1122536399458,15.0542275688152,22.4311260660162,28.2096673307824,75.7674801588858,294.149798832849
"Sample_9",31.7396185513884,180.873435703764,75.8685903169672,38.3633887536251,53.5402459469174,325.045087528376,173.06195734284,21.85420054644,77.1372174581175,12.8300723787732,12.764676401392,22.0449593143677,18.7747825922155,21.7806838545384,109.831315112823,89.0433297814839,149.087570447566,70.7480148782853,122.161829217372,2.44902387274707
"Sample_10",17.1558586819301,98.1403940294427,18.4076196476828,94.7888871241353,27.7850101473641,103.804931475745,31.8628885062772,17.2758789663281,48.9484072198714,22.8244756340708,203.441330069375,47.0851229819408,153.801166550795,16.0352822735176,92.8495895030777,187.934018549944,77.5897511440254,370.557544387452,16.060018473138,142.651824633886
"Sample_11",171.131454215087,48.8700402109458,101.961487236675,20.4876154691688,22.4594829344286,21.2708991766877,66.8955056683522,38.6772502171783,97.8429426190084,12.4488307660184,96.9408538041949,284.516069172202,20.9895849552589,63.9891765596837,265.801549917692,52.2002881117525,21.5601842371588,101.413306988832,8.23202243965359,34.311455300022
"Sample_12",19.9643445982984,5.85592461028394,23.1813106396033,167.920116795448,30.4603343626396,32.346132776872,14.193697656177,4.54319796115659,71.1762764836206,220.867833261167,8.04805159698471,110.214119498141,152.073637804872,29.3198436452575,32.5584878536953,28.181728090643,40.177633950915,7.31830506076526,198.566174396011,28.0328489574475
"Sample_13",41.0143000908192,34.2908342839972,181.879731901934,7.26155576156621,175.219096879672,22.4870308500797,25.0845254686948,28.4008504185337,22.2113729704741,136.417523620028,7.12907736223487,8.24890375008531,45.2993030986257,52.4292761215864,49.8637577624614,14.4707328072632,52.8440906666078,185.707890350971,88.1443608302033,42.5957850041629
"Sample_14",177.163874338992,28.5432836938757,15.5545471901183,13.2826823348975,34.4471458452953,11.7041707259676,5.50320861083587,8.78814685650838,36.5993125315787,62.3466641388554,106.753751943626,313.845890538687,98.9360638657418,177.273473640004,79.2905538699447,23.8594294210082,20.5701587119653,22.805597993143,57.171738145207,47.5603056037487
"Sample_15",24.4631272162267,20.7634434006367,78.1299426502468,84.9306143734675,23.8321478666598,13.0492454482433,49.8897308428432,26.2032961847283,33.705443330135,54.2322565710599,30.0321068863958,45.9600976239042,37.6363506111655,6.99021962977166,63.5447742665385,48.2418964126389,27.8030656064869,267.672222058895,48.3371425268434,29.5828764931124
"Sample_16",148.060337368978,43.5598243262698,690.131527054644,23.5965265275091,20.7117199430223,17.7416267637535,37.0697983396102,10.3188245649141,62.8240905980094,182.060069116236,248.133410353539,58.6308311592268,10.8033228641825,60.859040607444,46.3088611535705,41.4545860264942,9.16641841090016,12.2956952468586,46.4260889051277,19.8474006697098
"Sample_17",4.31096679995897,13.0883744596959,19.1853389556959,23.73963909668,581.798912016009,50.0525286251821,18.7956810051679,82.7043118400197,24.8656366268845,87.5075489663064,98.1299622724811,7.7232475500904,16.7233282954798,20.6893364988011,18.5997265967672,85.8449493229686,211.643385055082,25.5610273106557,104.456564553962,151.579534152111
"Sample_18",34.0922670080187,102.590123232965,36.9634748864889,24.4041376821762,176.606464742053,16.3295619012074,36.2347029006531,32.2825705675314,74.9169555953132,34.8445527737048,120.727138443698,11.0846169326688,94.4168732720551,101.152055444154,15.6792824557849,132.295728260375,14.7364724565381,6.34842402595706,8.95610314588568,17.3384942727717
"Sample_19",88.5682418359311,24.6872144645974,33.1238496853639,20.106346871082,148.047917309983,31.1307442920951,106.363098245434,95.3749871403488,33.845376970337,20.3256955238233,159.328083885575,36.1100147080314,19.2664430029709,72.2736272826023,49.8809345263761,101.99719977598,79.5775844304921,100.786383019785,18.603869153475,195.602387875717
"Sample_20",62.089721289603,80.2592617185907,6.53383714802358,159.219725217756,93.13741870287,17.1028537714351,74.0507649382422,30.3684946804879,201.522816110705,42.8229097330586,23.6450484023287,3.52998034765141,16.3091451912432,15.0783729910316,18.6012877237406,30.2457839517239,45.2550159804013,23.3099970462724,52.4356295823975,14.4819354724366
"Sample_21",7.96301228188411,51.5525142406602,113.196469626262,75.3384391548479,44.9248281122995,49.8483365983555,100.112916674195,8.59776682194023,60.1626640537635,133.268923095489,11.9319776548252,23.1886649206642,54.1171166957059,295.91617254007,13.9605158638343,31.0233442320753,9.18853546202996,622.840605135621,81.292973339348,85.5742234961282
"Sample_22",267.425884568612,29.9048595019565,106.665171942995,50.781141314656,35.973215562264,37.5160007292321,80.8520076228724,5.71609858380072,339.703559636116,9.17950321741239,17.617921006577,26.6045790187395,76.1374761843462,68.4971019222218,79.0756243657259,107.864624558822,10.6703679984527,5.79957695716713,129.448295854416,118.566989453615
"Sample_23",98.3089433088441,35.0955419921905,13.0817832646886,131.161789297333,75.4441842295479,86.9500396487078,84.5162501245293,90.0724006595576,11.8437980310518,135.125429097003,61.8090409797422,43.8759623164817,78.0003688982805,48.9958817886378,57.4378987736752,14.6963916360959,13.1751321525369,31.5276466668082,20.6360963764992,37.2454207577887
"Sample_24",21.7494419835881,85.3363455613367,21.8221736508376,66.8664097975854,54.3611310630867,29.6761561559142,40.0232425725596,53.2132920436774,49.5097230362738,62.6375033249616,18.5465994190617,11.4475848465354,92.7702618518517,200.391074169306,76.501448865498,34.7944092229442,17.9538816837434,26.6987822204408,34.6091200714176,15.0914184593803
"Sample_25",58.6178872903065,39.9868671010496,240.735562792286,6.16083111265899,21.758064199852,61.67065862865,21.9008774060011,48.0826275712431,301.411060850301,144.879921939652,93.0949201716068,80.4035959662671,102.659503581003,60.6626252016823,79.5628245126437,108.057000696727,47.0183982926167,34.5386117946529,114.91305477396,22.8851061168391
"Sample_26",9.85884718857763,277.049366590355,41.6909282240255,39.2449789274546,38.746581667771,9.12660523880006,33.5019473423631,18.8349782099791,59.9276314495852,46.0532851883123,9.43599128412093,15.2248010388307,30.6122822851462,11.7197473087489,87.0480393328033,33.0661702698252,155.720505098656,60.2924934775299,37.1169305735172,206.727889303599
"Sample_27",8.28124696515342,7.07994128716546,68.4365175641669,118.635822399903,47.3723406834324,62.2469453640107,36.4549035982395,36.7546545260634,136.62639933707,124.110818037238,23.9602993498175,40.4345135020694,24.1612701726839,59.9034900778837,43.330804614256,47.2961690980842,88.3439622851752,32.555565504084,110.170996250709,161.843339382794
"Sample_28",41.9899722353754,23.1736751628571,76.7605837584749,42.638147749131,43.6348788136785,245.332528780721,76.7858031451941,41.3731427017089,22.4000590352162,50.3385882424829,19.9104766285876,138.731051721476,47.5873154785656,54.5704985243637,21.8950685529568,40.4893535803525,39.6570444843493,45.7272807569318,149.190041794685,30.8144888528916
"Sample_29",194.178955957505,4.20586345741641,12.5139852188291,51.1428707849649,311.198077206365,30.1376840017586,62.0697077045588,58.016838575704,107.200410515872,93.8552563993545,49.3471650409159,22.6420680439007,26.2944274024805,48.338896378308,74.8952518253389,67.9714930180065,92.5848407343066,100.052653444779,35.222112295552,26.1314419940838
"Sample_30",28.177185251176,9.95181298317891,49.3713967987082,112.812775508314,95.4548008149559,65.6231133193152,209.155314162523,99.5224692278816,53.6022944155336,338.570506340226,93.9898309452775,216.639599907747,22.0169691430858,29.2466803075961,92.3346387145527,18.1421732374094,82.9901258849892,67.7670407734537,149.039219978178,61.5920522858978
"Sample_31",34.7025897563187,186.786027737844,77.6764822032382,39.8987560102102,44.1107418112778,18.0372475189491,9.67068565478588,4.14323830644541,51.9700965380643,5.83460210656526,35.3368800543035,46.196672720995,144.197716603473,9.20345900588988,30.3832629588669,70.0116051277194,39.0338872351351,79.6323589710436,71.5777528143611,26.595936864513
"Sample_32",10.1676244396069,48.8073463230398,77.4881727420828,26.7185364577521,30.2617595200139,8.80078210558427,30.2490164529583,20.452344522119,41.1754932360972,92.4394115643965,18.2981743703125,41.3590081355459,3.65287648001327,13.6881552059984,489.037266634923,24.0975836799797,57.0032979137809,16.1357994464146,14.455249206093,23.7121015632884
"Sample_33",52.2089922734433,167.678830459702,48.9545509002802,58.6681076031513,18.8646149784032,127.301126960669,61.4610154828816,23.3473566424794,26.9575879736922,15.0834862961903,117.337828085146,71.9670801320651,59.8729168332344,40.9536985794189,59.6022952835453,8.52624074344246,34.9922018511107,136.290338237473,15.8748419026261,94.0568887810451
"Sample_34",48.523661660478,30.0075490363616,12.4204843846743,40.8232156227981,60.5114664352254,101.00521123956,119.902197107196,45.7366810366379,76.7409229940897,38.6580986788029,60.5913249291982,39.2005929075035,67.6492065619315,48.42845772305,36.4891826678164,26.3589241793247,292.564086452176,36.2669482945436,21.3979148146087,116.723873274024
"Sample_35",114.750024751563,29.6631636158187,66.4382461257628,57.385927600997,48.6635277077633,176.073860321835,69.0290329832628,266.287697801133,106.151978515351,86.7472624941772,47.4227306483951,63.6844203640388,32.1876836519628,101.857819913779,197.153250780559,92.7407069591474,97.532432659046,25.7840209426662,66.0632144477223,25.3829977150205
"Sample_36",261.296349690484,156.259048839813,120.643281217259,68.7618375324312,15.0484869737551,21.7764068134603,65.8593080284343,134.331293971857,64.0012964856963,94.6951074842309,38.3730152858048,24.5115659982516,32.7172386794813,19.8191354093864,138.994449672524,177.782890934564,144.154480911893,48.8790945843886,51.6307070980499,34.4650043882362
"Sample_37",38.6099376823397,18.2810498429499,31.3892756024592,14.6275718923481,15.9979485360303,20.5703380556059,39.8059863618748,73.2984125888389,7.98027906445681,44.4531874013372,10.9490535958104,48.375388791065,164.315856913705,54.658954007025,139.560939572149,43.9102924612204,22.8181108068192,14.7880936917685,44.0880545442918,165.521268587905
"Sample_38",19.5628503915459,119.329170951796,24.4041595918728,126.146866081189,67.8903480243695,331.16420166827,63.1406561118195,36.3701231573236,6.19986249864715,165.325336336046,53.216932428799,26.1015483112261,15.9610237452298,66.1894874731936,118.162146779317,278.316962153043,39.029184473211,152.436568410424,133.222148632969,55.8304227797078
"Sample_39",67.5604979180372,89.28613634626,11.9790183773001,13.3318585228226,35.2820194521228,49.2256462077371,46.3922242396152,15.99756520428,45.1921292562016,112.535135706279,114.853442645566,41.9424683873617,20.0632761038283,112.136552103687,139.533678113155,44.1474623473491,80.6964668148174,37.9444891873204,68.4417511708014,9.45818189545863
"Sample_40",188.633425693994,30.8763387627309,131.817171932027,40.7979895724953,48.8131166095645,101.726047172679,29.3900734221003,534.625000926128,83.640002909275,17.422980999619,82.0803926916506,45.7152545181128,29.569434050539,123.794773850668,34.3335822641765,56.5903307944082,12.0362958647082,24.7336010101418,20.571967054858,133.832219900124
"Sample_41",128.726545291607,353.106209348039,13.8528955593064,28.5420298437913,15.7739065614432,126.241809021115,28.7326211138856,127.737390401083,36.4632463369666,39.9722781842464,11.5406192449028,184.998113105642,6.13328166371851,21.8884767786898,34.1494487845251,117.908675995944,41.6117321818649,283.375938487257,53.1921549298778,100.052627166095
"Sample_42",89.9988667631939,51.1104302379831,23.6472434152227,75.8265487650684,18.8422283838161,16.7588987975518,37.677499316348,96.9230817843436,13.3363138731092,10.7729257087098,35.1444615071648,29.2869802373046,43.9984209822293,11.7553963528898,178.413785113457,5.09317583700632,6.20832264885592,21.9329849908488,245.177363387617,260.095071897279
"Sample_43",50.2437713975684,40.3794542051867,12.5816214437953,90.077981855236,382.148846334779,29.5686010593451,11.191868989783,16.63180535774,52.7091610348546,27.7973648253065,26.8948133217136,4.63489738577587,164.612065305,32.7256101416065,18.9678723261588,8.45973523135085,37.6919387270278,35.7957474942505,67.042621928567,17.8442216349551
"Sample_44",52.1798897958,75.0070403797671,77.8784652960911,50.567315419489,68.2351706703115,63.924430815944,15.1111466117022,44.139313154499,104.843475155291,88.9724127481937,39.6825043799214,133.599319432516,163.199885044715,80.8480406136993,23.8619764967609,37.2003018814661,397.825030708331,70.158252706232,187.009504547286,202.756524141982
"Sample_45",47.1837784169289,103.99233359187,274.849085857083,25.8070655183556,66.411493547314,27.7972217810919,13.2020099952472,37.1044749073552,14.0351963064456,7.5566305778139,115.240529381133,85.7628999978204,37.5370474405841,49.730758989136,11.5595858922085,24.4549689674131,63.6320624184445,14.2072756110358,138.47345174924,39.4621290534782
"Sample_46",9.80203602221674,194.240131458063,13.4331451018788,58.4441378778479,154.026088351275,19.9797685869398,36.8650616422113,16.5856963773673,10.1152029482015,31.1764204327617,67.6583899888187,95.7602814556381,130.595477446769,81.9170759402367,215.678853163206,60.6354980874584,46.1610635452542,26.5803452558855,23.8849439923052,33.4603823256652
"Sample_47",74.5229922671933,2.80259642502561,30.085409445,70.2957224045779,28.7010743213682,18.74789074542,27.14940289429,46.8854192703095,43.4526142137626,34.8887677076377,260.957901537575,35.1047356751178,5.92053286865158,206.927558120404,18.6046948010438,8.66731402389469,17.3821557769589,139.691446439823,57.2467722968777,52.9649987650691
"Sample_48",49.9573755110192,85.9669984340968,115.256328576212,159.93253090736,107.715497550718,99.3841382821404,17.1846529602256,8.86820321039861,13.3755494483616,37.925706201543,364.86895518108,32.3265602332907,133.808142040145,12.5055638668326,53.5036444688457,94.1594525128996,32.7653887645874,13.3233373600678,39.1417495635996,37.0302249265769
"Sample_49",246.571156681988,7.83978170420483,230.46643743235,43.5180684910992,73.4188126242996,4.04897540386334,58.3609943190498,50.2010346586341,6.47716690701303,21.1615015650282,14.7552996534655,44.5073062428768,25.0673703893225,15.4950768180035,49.3868259656767,15.0821414064967,21.0407587881403,199.967606111601,15.1330489855402,1.50063585134649
"Sample_50",45.1364592132934,35.523101047764,127.50319969508,338.983192375222,241.153762385017,112.026571555132,19.7219154776603,48.6155496332563,62.9583591001645,42.7508444342916,147.058937679231,118.429341485932,34.9250635247872,20.8572009313218,67.5612141765632,26.7573787347447,124.028866369591,159.074690873435,38.6099046089463,20.3244466985673
"Sample_51",158.533798623251,253.672520824319,12.1728378048056,434.028451876496,24.3618611913072,45.384145632275,36.6326993180142,10.9673330049977,43.9724392561706,93.3313067154189,19.5280330308649,12.0155971539647,32.47100582349,50.2398181707764,169.222917491981,47.2125678906756,17.7211317574787,134.970810022924,15.9639955120227,21.5967288987659
"Sample_52",66.9349627148239,125.314436049186,66.5148298691087,74.3776721823069,26.2486232223038,264.150283480616,270.715468754535,79.2654807098399,46.3100621108833,35.5467847297815,128.372370521833,84.2912081309106,3.3140600210943,119.256210385089,46.6381141342551,31.1733351152359,98.2366371869966,117.007855370636,101.25543851221,22.0761667983536
"Sample_53",43.696497611697,134.51417917163,44.6740248430073,76.1789325495531,284.890378924861,14.2721848456937,8.87417482973487,30.5277059213296,93.1977625713515,51.8754196739856,72.4135533728189,5.30083606126999,38.6025021623739,73.649686002828,50.1967092205369,123.769319946634,83.6727537655959,55.4913490272197,159.28090945409,21.9211200437879
"Sample_54",112.227117858607,26.749780380531,108.343546387137,57.8556251287057,6.12326076782154,37.2321231117542,85.0866860229374,116.370246020281,160.307330315153,69.159726617495,53.5210001948048,15.5378946333955,48.1015060599108,63.8733144089445,85.2112240791372,431.596929897222,60.4705225602158,11.1894147898842,82.6219127717806,42.4208379942817
"Sample_55",165.496929836626,57.1421660884269,21.9092473588844,80.4662967267737,17.3711988079773,43.2940037572746,133.404257036277,69.3930666953045,802.874661943907,82.1220829698808,51.5996558648669,50.1157669706687,16.9582191484866,147.522522931083,18.8775931416078,87.1619450932234,23.1797670521343,46.5479760233917,29.0375416224991,44.5251009307065
"Sample_56",40.4113392690735,94.5359288571056,63.402646374034,87.4093161348116,46.766894623847,65.0971351924042,146.886760513368,33.2023920067288,116.124603270666,22.0360892473443,25.999625708587,183.374551041448,27.6324780107048,29.878954176496,255.950250204892,35.0571950866498,17.1485257215137,23.1776074665293,11.2143567219015,209.693350371895
"Sample_57",6.09402188883788,15.9119508894977,200.15439932291,19.4309146365789,96.1023696890937,103.688499815147,193.445791132773,11.6155405855998,163.123024180833,74.5795374484619,44.507840053823,66.2514793993819,35.0406596577215,42.0709556972009,46.6278888644546,60.7770322724834,35.0891266466711,197.090585999815,20.4038831121351,167.994498706579
"Sample_58",85.3874266418452,97.3568396690379,11.8271855485629,146.578455417471,16.9817516988824,49.2816835163421,21.2061281708242,235.541713074751,30.4657592142177,160.158383634645,20.5930232558399,19.4660551043714,36.1222217767551,56.0293594852147,127.49281224092,31.5483553038979,4.38658860594486,265.035953093532,46.1621230776357,30.3781814693084
"Sample_59",22.574689624088,6.63413447882696,65.2637151852631,30.8533439338443,47.4191874862995,80.2413758793258,42.4719312791634,155.162354641459,15.621740365388,65.3113976858869,278.751171131694,29.3774121092633,44.3532317771401,12.4191526587476,18.6933773689385,10.4514488453151,33.1192848393104,186.289563616296,113.468975178523,294.522511915227
"Sample_60",8.56812484302777,55.1439017945903,122.532913652322,65.3175914432259,194.568128837239,24.7358742121309,85.9778481140514,47.4458331227268,97.2658331955811,20.4205954087595,68.4271548881179,100.549853040558,184.009262792302,63.4586256631617,470.087156346235,49.2163238111824,13.485415459319,38.798877227409,66.2943363365308,11.6963498115295
"Sample_61",39.3293836214883,66.5121733095062,36.140108512073,62.2282231040719,178.917418383234,66.0379509418424,22.8687149141919,38.0600132953369,48.0701260391268,25.6464310984142,32.5815962453321,33.3829599566335,73.9270649322106,37.4906293454933,33.0648333443928,58.2780179722766,42.9100129469217,81.4615773400536,25.9535169893935,9.13924770800697
"Sample_62",29.2255407507398,290.602177472971,91.2392825313332,68.9445382369963,106.764190701457,86.324178768069,62.0749798555365,55.0404646674744,58.6500912859619,57.4165987551214,55.1197876656622,136.9233501448,54.2865899819683,89.0044702653731,23.8422262783985,28.0793451819532,11.7963794058673,46.6308130817096,36.7760697236772,82.2589252449306
"Sample_63",181.168611129224,10.7923484000156,42.8783481933268,15.9411727561729,26.2094842561406,25.350655715072,50.8198564665484,28.1717774671612,34.4781208935241,369.646152808274,110.933305284206,26.1298772428005,62.0107157995641,261.61881091653,52.4160596819192,83.0007740576183,90.5303624280062,41.2927853468553,21.1837785185255,9.42700263851649
"Sample_64",64.9587206295993,47.5354703924085,8.4132480938187,11.0087365273739,77.7455443686568,39.4077325890449,33.2365975953528,53.7599742381989,24.4879572199945,42.7088970938833,6.32065310284596,37.7627401977127,41.4961262573314,36.9005413733671,38.8779932625291,115.064209177378,157.204781381932,43.2368070701897,86.9402617301664,207.933007698217
"Sample_65",238.907714233866,116.237307857959,15.7658391531541,47.3211964310915,21.2026599190261,238.931385436985,90.7860588854595,76.4745678248768,69.9026090220128,7.4939047204409,78.7573059071221,62.4443512688762,85.0479913711629,30.9902331343043,109.614370961699,12.3429094741512,56.8529959718629,34.9737384780388,22.4610459219915,104.491814025918
"Sample_66",81.0862899967124,102.888808671061,60.9027851870103,12.5849002413051,14.1410359058783,60.0110202352158,145.522256842677,26.8658263238292,250.108247986703,27.9947408904885,54.4831170813859,26.106565570396,73.628599205396,30.3927327616786,23.3631333640927,75.9209209673308,111.549127594421,250.065001607485,63.5052057461883,99.8796838207445
"Sample_67",15.1415400281283,18.6991249194145,142.049336398366,42.6562527392501,8.964147692337,85.4877716125365,164.533738490839,12.4527418177691,50.6949935873291,38.6843748912267,53.1094045660326,49.968885060291,155.980708423642,69.3036361442507,55.0486963927837,19.131705734191,60.7694191963684,73.9324426385788,172.608029798221,91.7830498684446
"Sample_68",16.0300316128523,9.20562198430759,31.3902704288392,5.9259589088628,559.556870573919,273.51570661335,26.4130178666752,79.3542486344833,27.2736772808146,38.1475549682119,18.603407866763,24.7267702810535,21.3794207279464,4.10108075834467,73.0103118496335,31.8345651437562,5.90542126804964,50.2589344234371,17.6700337699089,173.697095038791
"Sample_69",356.435220887435,9.75355234485413,90.5282794323714,29.649269962863,29.106595986437,42.1918377290453,52.2676057206941,320.124297511267,56.594792451755,67.6007293190849,54.9612115624696,13.5337372632316,44.7129585774945,145.194987437777,14.0183688919678,34.7334956297994,5.01188902203692,4.28071142051498,16.1119207126345,57.1885381362682
"Sample_70",102.15608610515,20.5561182424689,10.9775313734554,61.2652145296877,54.0463252445686,33.8570783984969,15.6926005351911,22.9946391222653,40.2998820016954,83.1489296644967,2.24402475689454,111.187306822392,93.3821123996391,154.502192346732,36.3530408507875,35.3509270495354,42.5251837386184,15.8472779674979,7.90927191015231,104.704256940274
"Sample_71",43.272598510584,76.506536262879,24.2829622407262,31.0362156830787,32.7019654948849,35.3514824748076,35.1719644207973,46.1846415138527,21.8590511716734,142.770410807002,6.07531186869929,101.200415146492,41.0992097227628,12.885302417601,144.379982054647,107.813608606208,168.063440124127,114.725458826584,48.0093634477214,43.6100792048717
"Sample_72",36.217470147207,284.916135706884,17.8385355661172,18.2954242072884,86.645486575129,21.2286517998768,64.8861304435139,95.9919422895558,26.2113278040033,137.462706548727,39.0762038217832,83.024523985245,7.68953767621726,91.1518478593051,183.933347111439,11.6716574852587,152.334396923351,10.9581143251509,23.0897239512669,86.3768357726802
"Sample_73",35.4993222941712,40.9383055203101,186.699214671784,103.956007708683,71.7320924375265,31.0718235011165,16.1958449918904,137.971091143936,66.4708477559438,18.6565409885372,25.3448485287515,26.1629565803666,166.868943417809,50.9712862517012,52.2077949598216,8.70356035972589,13.2322680415353,11.7768132450056,59.829198036777,338.711239564608
"Sample_74",11.3647084880136,87.9994752849579,20.2694445250691,122.190044938276,238.013195755724,164.126873814783,53.082455487769,14.693242848443,265.781841879425,43.0405369342441,10.6397771414914,56.9222363480001,35.7516922481504,52.2713261867329,11.0432096440747,20.9356431190689,81.303283192178,21.6933643668811,21.0424117474092,37.8352360493093
"Sample_75",84.1905366632932,103.072662577157,192.267265190726,79.5140379997838,22.3181311915022,175.471334532625,27.2639198131547,114.426629849291,33.0330452468625,85.9628025045076,50.8008389916703,23.724788626391,115.699430096452,43.8063060780773,25.1549464003546,42.6705206416971,68.4093963212165,165.969691549123,161.178595494839,47.0651202312762
"Sample_76",65.9104609217977,90.3494192405023,52.2344410726308,66.0707381321424,39.1542033147977,49.8931207361256,180.323938399507,52.094094691876,29.9076390278395,60.0687527604942,29.4638396835407,127.416614082767,9.75798754163242,92.9306389043804,66.9854696001811,26.1645696899739,18.4842919296871,8.38770596392656,20.9055949499878,898.49647935621
"Sample_77",6.55029383316464,101.042285843548,12.9419531463108,12.3689067608881,59.8610297628068,20.4780184988577,17.551114219901,14.3609475943812,38.5925630938306,38.6073123158754,15.5209774028801,46.4946594995457,121.55955094797,18.518819603854,387.864987089693,109.317228640656,44.2461170455157,18.9896348149307,22.3833616372742,105.750238248116
"Sample_78",230.776543128952,85.6866541166975,37.9835081410895,258.52392180246,30.4698776751742,86.0278609176679,53.9436042924131,39.8203759879997,12.2274930176079,39.3039627406904,261.316915978065,27.2101110942806,114.860668060176,176.77055632889,48.450721482567,96.1960466215149,95.787317650619,73.1205591928141,113.164163676068,20.359138094254
"Sample_79",84.1022177398679,77.2906458991221,37.6950318765494,40.8430877681431,18.555163026127,20.6456583280444,80.3305564027423,160.429311414728,91.33450067068,109.346210113218,96.1340050690742,9.57625385079634,2.34858596129663,47.892094862977,42.2052749002158,25.6704653307895,40.3896702115984,23.3571523436666,26.442957122505,26.4111571078585
"Sample_80",69.8729636639678,15.0621638013098,114.608540708857,18.9582562395567,86.1375643566111,12.4488915318769,94.7689949045454,54.8382645682629,69.3512026565852,83.637979098307,30.5439383618648,37.9546063600216,29.7929007958656,97.3158898860556,47.1933400812087,121.084394503821,19.1521927834876,140.125889361865,76.6563081236887,79.4957182122414
"Sample_81",45.7757668575525,131.50637863997,21.0119532327978,17.1749613477307,32.7891909695969,20.8118539453658,354.30112914289,37.3751224199653,79.7722800279015,33.9557263431777,46.3064247566285,59.5759487604472,48.0840765401681,80.8802762643914,10.1715066951316,21.3480172510842,73.307418226595,54.4948620848409,41.188600268736,25.1685062250289
"Sample_82",17.8182221080047,13.083520231989,18.063975509893,78.1729396517688,54.9637208019784,47.3743389229388,86.9898361291639,64.8918123144407,178.829681626069,59.8102344939141,22.8842094772217,235.231483803092,57.7712006430567,120.996700294952,154.732349194883,71.377181221957,139.416090950208,82.2582008079991,16.4244306278139,19.9098711886556
"Sample_83",234.140589460407,36.935271548737,159.881902744337,70.2480473858656,51.2195816790873,28.4311123781196,182.697341148481,79.562508225231,52.7316525901987,240.882964946559,200.802149280256,29.0924192026519,24.4822723883417,9.47426932031499,97.1459140970384,5.07445819490363,52.5301347460325,38.2275353456019,40.9415776345193,24.4982976833168
"Sample_84",24.2463118654231,85.2514324650046,61.7099069855972,16.1215278235498,67.8953188047399,115.761428691186,44.989674920783,104.82573327655,111.334419007829,15.1943095540697,76.1351328695728,124.251405936773,90.1958276654396,51.3396316627084,12.710632848423,19.1563430427909,36.778589189762,63.9194650971322,156.900278377658,125.282629915008
"Sample_85",94.5847708289771,22.0401852193234,52.3606682938086,11.9642538040927,76.8889693832823,71.6420254941908,55.714213492254,91.9831366040707,25.4978652958044,4.85927348381879,87.2956147447539,8.32630513316203,20.9483225161876,99.5957530408748,27.3574343596665,169.717505568359,187.147920642272,63.0225520664784,55.503676355603,44.5495536730205
"Sample_86",21.11785544848,43.2380348685298,65.127855325326,17.7856495429953,18.1966535772251,16.7106089760915,51.8632060266663,107.484663167712,89.3073191452734,12.0588462678622,60.3493388013395,533.262769426655,5.38701505209259,43.1716672056124,20.8512407606417,47.3941319207396,22.740019265732,74.9876781437095,45.9080449198674,49.0574021574478
"Sample_87",304.234027059988,41.3645854039917,53.7771899052164,5.63250772677384,37.0650576760281,12.5600849575664,22.6771082207854,52.6756737010223,43.9405378183585,7.48499713078593,136.734705253562,122.258374205549,92.2418825675267,171.247868460471,84.8006958109418,7.56567132945201,33.0314831224476,187.79545763677,12.1555588052069,42.7565332075567
"Sample_88",100.533239193974,24.6109805494927,18.6663816907979,4.33443661210144,37.19628408765,116.340258852828,48.6696524978208,56.957161999256,91.0978753719234,25.5608108499749,51.9248284522542,14.1044294128084,90.8614243743113,222.582354364978,52.6427528546094,62.3388766103539,81.4909591822615,254.763370645214,179.992056074182,44.3318663232081
"Sample_89",307.290957392949,139.84861640638,61.0503115273208,26.0905727274567,19.399207517813,79.7393068372639,12.8378912339412,109.947285895822,28.6199366814879,25.4099871335748,29.7408450475137,54.7881280080215,109.413070395538,16.7977028485714,159.863863398572,168.537686536828,30.1725632897849,49.9959650917136,121.899370609504,49.5567314199429
"Sample_90",5.10824613678584,359.74603443444,58.8963470800601,101.270085914841,388.082516196216,52.0624457193076,17.6989088099835,26.3300861000456,63.8359697911472,67.2851563824381,186.870005692983,5.22860573019598,13.9857488879403,145.044606974948,28.75582167284,31.2689378970941,46.3462315653323,14.2685821870276,31.996926400671,31.9187364257026
"Sample_91",21.9566525716985,16.9157893570384,10.0706600145372,19.9480937473413,209.891214774772,336.390325934655,86.6972524751582,25.5795706853429,10.2159225702585,60.6936937017718,2.98428337055056,51.5544097215834,5.58789535330182,261.760906504901,25.2376049886336,19.0031153494912,34.3149292871133,18.764773513178,4.54335882782778,14.8895472508457
"Sample_92",30.526463625791,43.8282153031975,54.4666125207635,22.051921661881,97.6361850854866,285.815553370064,142.911291002593,20.5766660514108,54.9455879119793,31.3992947600059,36.4461590931664,29.0426681753366,199.568673262298,125.514430823021,337.906927841275,171.971798327163,61.3811779514792,10.0145326199912,73.7140328601511,26.2818077529457
"Sample_93",89.913144593322,37.2942385245703,74.2688991596248,89.8068003057714,298.904956359369,62.3256526922237,15.1963044715965,38.765519766545,82.0059215675338,172.608401518902,74.0478441722252,126.858568342593,28.7847007696108,69.6691692834497,129.686728105689,164.428234590317,50.0881132963342,33.0711402949897,117.679384592636,39.5962775926961
"Sample_94",47.4398970832324,14.331150864279,104.623382817544,302.921731055773,14.2506712700655,28.3871266331662,7.42565908625275,112.925328788488,141.125585539329,17.6755318228816,75.0996223788,22.953872591727,86.953851735934,48.5627518556389,11.01554930912,81.985914412624,137.164806042872,42.8374986386618,55.7116839437972,31.6083841298149
"Sample_95",290.324104826868,25.0078731149829,61.571672296501,6.11639309591791,115.298292481204,68.1834295537595,17.3269606128284,150.000057575845,106.360222947417,89.2510841062383,72.675554910414,86.1165404156414,97.7112249395891,77.0136668695307,75.9207530410524,46.8102783413537,82.4913312792583,9.39698199541466,109.937215954684,23.4863616414988
"Sample_96",10.9444174274714,22.0800243128346,140.605976703222,130.368056162723,32.4989712610889,81.7329607807593,23.1732547742976,74.915460265331,116.383517085569,62.4248524951952,160.123081655482,32.5289248140497,25.0873847182627,7.57957247458662,12.0332075982558,32.7415182889418,3.31824635454099,123.518832654551,29.794807158358,22.1469330144802
"Sample_97",24.3223362997079,16.6715465108715,172.499651531661,14.0236325686875,33.9483807624154,47.8119167917599,14.0139203259641,314.083438661869,64.3619085016971,31.7579392931079,132.548551606232,160.219564850658,101.976451455021,2.21270736530282,12.998005320154,35.7857082663135,88.3207097887841,17.6528610339554,34.4126314105841,16.3781376552545
"Sample_98",18.3684235614164,49.612617742866,132.942115408256,11.3915138587349,5.53679320706916,148.561530353727,76.4902420941968,36.8002113683713,4.06230966765509,54.7282456807428,40.2308825277771,54.9251134853109,51.7138111548703,22.896792753405,7.55009266456439,93.2092483270214,24.2108279608067,93.22810752742,26.8614675639557,278.679653091833
"Sample_99",34.667733116549,94.1166985141532,133.816612095229,70.555887654952,74.0932660811867,65.9513307373117,14.3294636877143,33.7040782255815,24.8801742808404,111.839545530297,16.6553826431402,72.2741384770741,14.3608656135026,81.1409166565849,9.61465564517461,42.2759165403743,245.313024082283,132.908754840664,46.4572973235039,184.044258253883
"Sample_100",21.4828326410754,484.5915859356,97.9747434525993,21.2034173736685,110.425176621424,49.1928480223364,9.02467721636321,48.5236814987952,74.9613212806902,50.7782743485741,10.5206167660113,172.002923618278,53.376222418862,437.056498425023,16.1307588916173,26.2416314924484,26.1624603718858,52.4319075807488,9.11324483222935,10.8051772117696
